PostId,CkipDataContent
0,-飛利浦-氣炸-鍋-一樣-開始-使用-朋友-燒-體無完膚-我-收到-飛利浦-智慧-鍋-雙手-點肩-嘴-裡-搭-同時-手-高舉-囉嗦-懶人-食譜-直接
1,-登-站-快-容易-希望-一樣-容易-叫-老公-登-一下-中-奶粉-賴
2,-直接-放入-氣炸-鍋-烤箱-烤-魚-浪費-想到-做-蝴蝶-雞-去除-雞-背-大骨-做-蝴蝶魚-這樣-進-小小-氣炸-內鍋-材料-鮸魚
3,-以為-賣-便宜-炸-鍋愛-家族-是-我-現在-鹹酥雞-麻-家-裡-做-好-健康-安心
4,-以為-賣-便宜-炸-鍋愛-家族-是-我-現在-鹹酥雞-麻-家-裡-做-好-健康-安心
5,-氣炸-鍋-慢磨-果汁機-擠進-上班族-想要-禮品-上班族-意識-抬頭-讓-健康-食品-小-家電-成為-尾牙-夢幻-逸品
6,-氣炸-鍋-慢磨-果汁機-擠進-上班族-想要-禮品-上班族-意識-抬頭-讓-健康-食品-小-家電-成為-尾牙-夢幻-逸品
7,-折-往生價-飛利浦-氣炸-鍋
8,-謝謝-謝謝-分享-獎品-好-想要
9,-感謝-分享-參加-希望-抽到-氣炸-鍋
10,-水晶球-特賣-氣炸-鍋
11,-找-開箱文-官網-報導-查-找-氣炸-鍋-刮鬍刀-找-價格-實惠-商品
12,-售價-用途-電子-湯匙-秤-售價-單位-選擇-克-重量-鎖定-電量-不足-顯示-省電-關機-超重-顯示-歌林-健康-無油-空-氣炸-鍋
13,-歌林-塔吉鍋-售價-蒸氣-循環-燜煮-保留-原味-簡單-烹煮-省電-煙囪式-造型-強化-玻璃-蓋-烹煮-一目了然-歌林-健康-無油-空氣-炸-鍋
14,-自家-烤箱-大-話-氣炸-鍋
15,-白金-氣炸-鍋-功能-強-送-盤-食譜-需要-我-準備
16,-白金-氣炸-鍋-功能-強-送-盤-食譜-需要-我-準備
17,-曾愷玹-代言-飛利浦-家電-廣告-進帳-月-她-進-棚-拍-氣炸-鍋-電鍋-廣告-是-她-休息-最後-工作-陳冠宇-交待-經紀人-賴盛芳-注意-她-安全-她-出入-休息室-有-人-扶
18,-準備好-豬-柳條-放到-氣炸-鍋-抹油-炸-4分鐘-翻-面-準備-自己-喜歡-吃-醬料-炸-好-吃-星羽-是-哇哩-果仁-脆片
19,-是-花-時間-精進-市面-上-有-簡單-食譜-電鍋-微波爐-搞定-好-廚具-氣炸-鍋-貴-死人
20,-網友-愛-日系-家電-像-日立-電視-清淨機-洗衣機-高-單價-大型-家電-近期-家電-麵包機-榨油機-氣炸-鍋-攪拌器-廚房-小-家電-是-家庭-主婦-最愛
21,-網友-愛-日系-家電-像-日立-電視-清淨機-洗衣機-高-單價-大型-家電-近期-家電-麵包機-榨油機-氣炸-鍋-攪拌器-廚房-小-家電-是-家庭-主婦-最愛
22,-網友-愛-日系-家電-像-日立-電視-清淨機-洗衣機-高-單價-大型-家電-近期-家電-麵包機-榨油機-氣炸-鍋-攪拌器-廚房-小-家電-是-家庭-主婦-最愛
23,-網友-愛-日系-家電-像-日立-電視-清淨機-洗衣機-高-單價-大型-家電-近期-家電-麵包機-榨油機-氣炸-鍋-攪拌器-廚房-小-家電-是-家庭-主婦-最愛
24,-氣炸-鍋烤-肉片-肉片-有-翻-面-加-生菜-加-沙拉-超-有-吃-潛艇堡-感覺
25,-版-媽-有-科學家-精神-炸-久-好-有-油煙-注意-油煙-變成-附著-內-槽-是-氣炸-變成-毒氣-影響-健康
26,-版-媽-有-科學家-精神-炸-久-好-有-油煙-注意-油煙-變成-附著-內-槽-是-氣炸-變成-毒氣-影響-健康
27,-求-分享-白金-款-分享-過年-年夜菜-是-惡夢-氣炸-鍋-炸-魚
28,-求-分享-白金-款-分享-過年-年夜菜-是-惡夢-氣炸-鍋-炸-魚
29,-給-吃-生食-鹽麴-豬頸肉佐-柚子-胡椒-鹽麴-醃-星期-微甜-鹹度-適中-沾醬-夠味-嘻-知道-味道-切完-有-吃-邊-角肉-抹嘴-氣炸-鍋烤
30,-食安-問題-爆-今年-網購爆紅-商品-屬-家電-家電-成長-製-麵包機-熱賣-成長-達-慢磨機-氣炸-鍋-製-麵包機-銷量-是
31,-網友-愛-日系-家電-像-日立-電視-清淨機-洗衣機-高-單價-大型-家電-近期-家電-麵包機-榨油機-氣炸-鍋-攪拌器-廚房-小-家電-是-家庭-主婦-最愛
32,-有-烤箱-氣炸-鍋-話-買-地瓜-回來-洗乾淨-扔進-烤-東西-是-熱-好吃-外面-地瓜-賣-是-貴-..
33,-獎品-有-奶粉-氣炸-鍋-新光三越-禮券-附上-活動-網址-我-參加
34,-免費-活動-抽-氣炸-鍋-大獎-取得-登站-資格-出現-簡單-拼圖
35,-馬甲線-醫美-風潮-興起-健-腹機-膠原-蛋白粉-藍光-毛儀-入榜-值得-提-是-食安-問題-層出不窮-慢-磨機-氣炸-鍋-製-麵包機-健康-小-家電-去年-成長-倍-擠進-爆
36,-馬甲線-醫美-風潮-興起-健-腹機-膠原-蛋白粉-藍光-毛儀-入榜-值得-提-是-食安-問題-層出不窮-慢-磨機-氣炸-鍋-製-麵包機-健康-小-家電-去年-成長-倍-擠進-爆
37,-馬甲線-醫美-風潮-興起-健-腹機-膠原-蛋白粉-藍光-毛儀-入榜-值得-提-是-食安-問題-層出不窮-慢-磨機-氣炸-鍋-製-麵包機-健康-小-家電-去年-成長-倍-擠進-爆
38,-值得-提-是-食安-問題-層出不窮-慢-磨機-氣炸-鍋-製-麵包機-健康-小-家電-去年-成長-倍-擠進-爆紅-商品-蕃
39,-馬甲線-醫美-風潮-興起-健-腹機-膠原-蛋白粉-藍光-毛儀-入榜-值得-提-是-食安-問題-層出不窮-慢-磨機-氣炸-鍋-製-麵包機-健康-小-家電-去年-成長-倍-擠進-爆
40,-值得-提-是-食安-問題-層出不窮-慢-磨機-氣炸-鍋-製-麵包機-健康-小-家電-去年-成長-倍-擠進-爆紅-商品-蕃
41,-平均-女性-會員-有-人-購買-智慧型-手機-商品-普及-大-容量-行動-電源-登上-馬甲-醫美-風潮-興起-讓-健腹機-膠原-蛋白粉-入榜-食安-問題-層出不窮-慢-磨機-氣炸-鍋
42,-老公-上班-小孩-睡覺-看-大家-鄉村-早-午餐-好-想-吃-下樓-自己-亂-一通-是-七早八早-自己-撐到-爆-救命-蘿蔔糕-是-彤媽家-好吃-香腸
43,-拿-新-買-廚房-玩具-氣炸-鍋-烤-氣炸-鍋-內-鍋不-大-烤-熱-好-溫度-開-底部-用-錫箔紙-包-一下-怕-起司-融化-年-內-鍋不-好洗-丟進-烤-想
44,-系列-咖啡機-詳細-說明-同類-暢銷-推薦-免油-料理-健康-大同-氣炸-鍋-油量-減少-無-油-料理-山丘型
45,-活動-抽-氣炸-鍋-大獎-取得-登站-資格-出現-簡單-拼圖-拼圖-拼-好-小
46,-全新-飛利浦-氣炸-鍋-商品-價格-新舊-狀況-試用-餘-月-交易-方式-面-交-聯絡-方式-站-內-信-送-媽媽-生日-禮物-重複-試用-保存-良好-附-保證書-有-送回-原廠換-特殊-底部-鐵
47,-折-往生價-飛利浦-氣炸-鍋
48,-好-康-聲寶-健康-油切-空氣-炸-鍋-商品-熱烈-搶購-欲-購-向隅-我-自己-想要-了解-好-康-聲寶-健康-油切-空氣-炸-鍋-尋找
49,-我-想法-為-優先-他-想要-我-想法-我-問-他-時候-他-說出-自己-想法-這樣-媽媽-關係-緊密-大學-通電話-超-無聊-地哀-開心-希望-賺-多-錢-我-媽
50,-為-飛利浦-氣炸-鍋-邀稿文-面對-國內-黑心-食品-爆-身為-職業-主婦-我-努力-爭取-時間-進-廚房-家人-幸運-是-拜-科技-進步-賜-現代-煮婦-花費-時間-廚房-工作-上
51,-朋堂-三洋-工業-扇-工業-扇-朋堂-國際-國際牌-北方-嘉-循環-扇-朋堂-氣炸-鍋
52,-媽媽-們-是-捐出-自己-家-中-物品-自己-做-點心-麵包-有-自己-上山-載-好吃-農產品-義賣-有-搬來-卡式爐-蒸鍋-賣-現蒸-饅頭-帶-氣炸-鍋-賣-炸-薯條-廚房-煮飯-媽媽-做-滷豆干-義賣
53,-熱銷-料理-小-家電-食安-危機-引發-自宅-料理-風潮-2012年-延燒到-2013年-廚房-小-家電-為-例-2012年-持續-熱銷-多功能-調理-機-生機-果汁機-豆漿機-氣炸-鍋
54,-辣椒-蒜頭-香菜-切末-加-水-胡椒粉-檸檬-醬油-油膏-泰式甜-辣醬-雞腿-醃過-醬油-蒜頭-擦點油-沾-麵包粉-炸粉5-放入-氣炸-鍋-氣炸-鍋-鍋子-高麗菜
55,-引述-銘言
56,-有-出去-玩-看-朋友-鍋-好用-心動-想-買-陣子-買-氣炸-鍋-商人-發明-多-鍋-買-我-家-有-大同-電鍋-電子鍋
57,-最近-紅-飛利浦-免油-健康-氣炸-鍋-上網-看-看-原理-我-家-旋風-烘烤爐-原理-一模一樣-是-熱風-上方-加熱-使得-食物-均勻-受熱-氣炸-鍋-烤-小-東西-旋風-烤爐
58,-歌林-統計-小-家電-主力-在於-生活-調理類-家電-包括-吸塵器-風扇-電磁爐-氣炸-鍋-麵包機-比重-歌林-表示-消費者-以為-循環-扇-是-夏季-家電-冬季-派上用場-搭配-除濕機
59,-氣炸-鍋-作品-椒麻雞-生平-做-成功-好吃-醃好粿上粉沾點油-下去-酥酥脆脆-同時-平底鍋-下去-煎-久-最後-丟-氣炸-鍋憑著-吃-暹羅-椒麻雞-口感
60,-歌林-不鏽鋼-旋風-大-烤箱-荷蘭-公主-旋風
61,-萬妹切-好-菜-三星-手機-放到-鍋子-裡-變成-氣炸-鍋-美味-完成-大笑-請-模仿-口哨
62,-沒-溫度-食物-興趣缺缺-決定-剩下-油漬-小-章魚-裹-番薯粉-氣炸-鍋烤熱-材料-處理-小-章魚-番薯粉-檸檬角-做
63,-氣炸-鍋-作品-蒜-香-牛排-牛排-醃好-放-鍋-內-上桌-青菜-水煮-母子倆-美味-牛排-午餐-約會-老公-便當-哥-吃-我-自創-起士茄汁-通心麵
64,-氣炸-鍋-作品-花枝丸-雞腿-排-右上-冷凍-雞腿-排-是-冷凍-下鍋-10分鐘-搞定-注意-右-中圖-加油-氣炸-逼出-油-我-宵夜文-休息-明
65,-一陣子-紅-電器-產品-氣炸-鍋-惹-廠商-模仿-衍生出-討論-是-改良版-旋風-烤箱-現在-冒出-蛋捲機-目前-多-廠商-跟進-外-型-長-像-杯-使
66,-水-煮-雞肉-吃到-吐-現在-開始-用-氣炸-鍋恩-好吃-多-料理法-醃製-雞肉-胸-里肌-番茄醬-胡椒-鹽-辣椒粉-義大利-香料-醃製-晚上-丟進-氣-炸-鍋-想要-口感
67,-請-原諒-我-氣炸-鍋-新鮮感-試用期-氣炸-鍋-作品-十分鐘-搞定-薯條-雞塊-放-油-逼出
68,-我-想要-氣炸-鍋-感覺-方便-適合-我-帶-小孩-兼-煮飯-杜比-坐不住-希望-爸-人-了解-煮婦-心聲
69,-林-梅子-你-許願-功力-強-昨天-說-想要-氣炸-鍋-今天-來-台新-我-許願-電視-好不好
70,-免油-健康-氣炸-鍋-白色-利用-食材-本身-油脂-水份-食物-添-加油-料理-過程-食材-本身-油脂-瀝出-傳統-鍋減油-多達-擔心-市面-上-劣質油-混淆
71,-想-買-空氣-炸-鍋-試試-沒用-了解-油炸-浪費油-炸-薯條-話
72,-放久-回軟-好吃-洋蔥圈-份量-過少-旁邊-番茄醬-蜂蜜-芥茉醬-沒有-沾-吃-好吃-脆薯-是-超-好吃-好-想-去-買回家-自己-氣炸-鍋
73,-假-米粉-米粉-充斥-廉價-玉米-澱粉-基因-食品-含量-標示-寬鬆-是-標示-不實-次級米-冒稱-高級米-情節-輕微-農糧署-官僚-放-米商-消基會-標-局-抽檢-氣炸-鍋
74,-桂冠-魚子球-桂冠-鮭魚球-請來-我們-主廚-小-幫手-蔡大寶-我們-桂冠-魚-氣炸-鍋-專用-叉子-上-小-幫手-是-手巧-不一-香腸-魚子球
75,-今日-晚餐-現烤-雞肉-鹹派-脆薯-甜點-熱-香蕉-布郎尼-香蕉-巧克力-冰淇淋-陳尼力-想-妳-氣炸-鍋
76,
77,-家電-廠商-飛利浦-推出-代-健康-氣炸-鍋-主打-全新-外觀-規格-白金-款-售價-進階版-皇家-尊爵-款-售價-業者-表示-新-機種-內外-有-升級-白金-款-具備
78,-惠-浦-有-看到-大小-冰箱-洗衣機-乾-衣機-冷暖氣-機小電-有-看到-吸塵器-電暖器-微波爐-除濕機-空氣-清淨機-現場-數量-滿多-大-家電-實品-看-吸塵器-有-看到-價格-微波-爐-除濕機-便宜-飛利浦-有-美體刀-吹風機
79,-陳-大廚-今天-失手-鱈魚-煎-成魚-酥-ㄧ-半用-氣炸-鍋炸-黏鍋-拔-下來-炒-山藥-炒-高麗菜-兒子-你-勉強-鱈魚-吃
80,
81,-原則-重質-控制-量若-囤積-變-毒素-食安-問題-掀起-家-做-菜-熱潮-帶動-麵包機-氣炸-鍋-熱賣-有-人-油品-選擇-自己-家-中-炸-豬油-風潮-吳家-誠-不以為然
82,-國-電子-表示-我們-在一起-社區-園遊會-現場-準備-氣炸-鍋-厚釜鍋-豆漿機-小-家電-製作-美食-供-鄉親-嚐鮮-現場-抽出-幸運-民眾-贈送-小-家電-終身-免費-金幣-貼紙-獲獎-民眾-享有
83,-國-電子-表示-我們-在一起-社區-園遊會-現場-準備-氣炸-鍋-厚釜鍋-豆漿機-小-家電-製作-美食-供-鄉親-嚐鮮-現場-抽出-幸運-民眾-贈送-小-家電-終身-免費-金幣-貼紙-獲獎-民眾-享有
84,-國-電子-表示-我們-在一起-社區-園遊會-現場-準備-氣炸-鍋-厚釜鍋-豆漿機-小-家電-製作-美食-供-鄉親-嚐鮮-現場-抽出-幸運-民眾-贈送-小-家電-終身-免費-金幣-貼紙-獲獎-民眾-享有
85,-國-電子-表示-我們-在一起-社區-園遊會-現場-準備-氣炸-鍋-厚釜鍋-豆漿機-小-家電-製作-美食-供-鄉親-嚐鮮-現場-抽出-幸運-民眾-贈送-小-家電-終身-免費-金幣-貼紙-獲獎-民眾-享有
86,-國-電子-表示-我們-在一起-社區-園遊會-現場-準備-氣炸-鍋-厚釜鍋-豆漿機-小-家電-製作-美食-供-鄉親-嚐鮮-現場-抽出-幸運-民眾-贈送-小-家電-終身-免費-金幣-貼紙-獲獎-民眾-享有
87,-國-電子-表示-我們-在一起-社區-園遊會-現場-準備-氣炸-鍋-厚釜鍋-豆漿機-小-家電-製作-美食-供-鄉親-嚐鮮-現場-抽出-幸運-民眾-贈送-小-家電-終身-免費-金幣-貼紙-獲獎-民眾-享有
88,-材料-牛肋條-牛排-香料-鹽-蒜頭-做法-牛肋條-切塊-鑄體鍋-煎-表面-焦黃-香料-鹽-牛肋條-拌勻-放入-氣炸-鍋
89,-國-電子-表示-我們-在一起-社區-園遊會-現場-準備-氣炸-鍋-厚釜鍋-豆漿機-小家電-製作-美食-供-鄉親-嚐鮮-現場-抽出-幸運-民眾-贈送-小家電-終身-免費-金幣-貼紙-獲獎-民眾-享有-小家電
90,-國-電子-表示-我們-在一起-社區-園遊會-現場-準備-氣炸-鍋-厚釜鍋-豆漿機-小家電-製作-美食-供-鄉親-嚐鮮-現場-抽出-幸運-民眾-贈送-小家電-終身-免費-金幣-貼紙-獲獎-民眾-享有-小家電
91,-值得-提-是-因應-食安-危機-麵包機-氣炸-鍋-食品-小-家電-成為-尾牙-夢幻-逸品-喝喝-表演-活動-是-尾牙-焦點-上班族-男女-藝人-有-所好-謝金燕-打敗-蔡依林-榮登-后座-蕭
92,-值得-提-是-因應-食安-危機-麵包機-氣炸-鍋-食品-小-家電-成為-尾牙-夢幻-逸品-喝喝-表演-活動-是-尾牙-焦點-上班族-男女-藝人-有-所好-謝金燕-打敗-蔡依林-榮登-后座-蕭
93,-值得-提-是-因應-食安-危機-麵包機-氣炸-鍋-食品-小-家電-成為-尾牙-夢幻-逸品-喝喝-表演-活動-是-尾牙-焦點-上班族-男女-藝人-有-所好-謝金燕-打敗-蔡依林-榮登-后座-蕭
94,-禮物-我-覺得-不錯-乾脆-轉送-我-好-想要-體重計-計步器-吸塵器-烤-麵包機-有-人-送-我-氣炸-鍋-我-開心
95,-熊-想-吃宵夜-有-飛利浦-健康-氣炸-鍋-白金-款-是-炸物烤物-牛排-搞定-少-油-影響-風味-正點-飛利浦-健康-氣炸-鍋-白金-款
96,
97,-代-飛利浦-健康-氣炸-鍋-白金-款-時尚-輕巧-變出-好-菜-新-廚娘-變-巧婦-熊喵-榮幸-接到-飛利浦-氣炸-鍋-想要-測試-看看-有-漂亮-圓
98,-讚-留言-抽-飛利浦-氣炸-鍋-折價券-近日-食用油-事件-消費者-食品-重視-怕-病從口入-購物網-特別-邀請-飛利浦-舉辦-健康-氣炸-鍋
99,-希望-今年-尾牙-抽中-加持
100,-近年-層出不窮-食安-危機-讓-氣炸-鍋-慢磨-果汁機-小-家電-擠進-上班族-想要-禮品-上-健康-意識-抬頭-讓-健康-食品-小-家電-成為-尾牙-夢幻-逸品
101,-近年-層出不窮-食安-危機-讓-氣炸-鍋-慢磨-果汁機-小-家電-擠進-上班族-想要-禮品-上-健康-意識-抬頭-讓-健康-食品-小-家電-成為-尾牙-夢幻-逸品
102,-近年-層出不窮-食安-危機-讓-氣炸-鍋-慢磨-果汁機-小-家電-擠進-上班族-想要-禮品-上-健康-意識-抬頭-讓-健康-食品-小-家電-成為-尾牙-夢幻-逸品
103,-近年-層出不窮-食安-危機-讓-氣炸-鍋-慢磨-果汁機-小-家電-擠進-上班族-想要-禮品-上-健康-意識-抬頭-讓-健康-食品-小-家電-成為-尾牙-夢幻-逸品
104,
105,-大同-推出-氣炸-鍋不-讓-飛利浦-專美-聲寶-歌林-跟進-健康-小家電-帶動-小家電-業績-升溫-台灣-飛利浦-生活-經理-周信成-昨-日-表示-食-安-問題-帶動-小家電-業績-推出-製麵
106,
107,
108,-近年-層出不窮-食安-危機-讓-氣炸-鍋-慢磨-果汁機-小-家電-擠進-上班族-想要-禮品-上-健康-意識-抬頭-讓-健康-食品-小-家電-成為
109,-謝謝-分享-家-裡-有-烤箱-需要-想-買-台-玩-怕生-灰塵-浪費
110,-日本-電子鍋-內鍋-是-鐵-氟龍-好-包括-氣炸-鍋-麵包機-奶泡機-清洗-注意
111,-近年-層出不窮-食安-危機-讓-氣炸-鍋-慢磨-果汁機-小-家電-擠進-上班族-想要-禮品-上-健康-意識-抬頭-讓-健康-食品-小-家電-成為-尾牙-夢幻-逸品
112,-香噴噴-肌肉-作響-味道-跟烤-出來-一模一樣-短短-烤-雞肉-串-煎-牛排-有-泡菜-磨菇-鮮蝦-弄得-身-油煙-氣炸-鍋-上桌-搭上-食安-議題-氣炸-鍋-人氣-翻漲-換-顏
113,-近年-層出不窮-食安-危機-讓-氣炸-鍋-慢磨-果汁機-小-家電-擠進-上班族-想要-禮品-上-健康-意識-抬頭-讓-健康-食品-小-家電-成為-尾牙-夢幻-逸品
114,-油切-空氣-炸-鍋-售價-產品-說明-白朗-油切-空氣-炸-鍋-給-家人-貼心-健康-新-選-飛利浦-電子-智慧型-厚-片防
115,-我-有-瘋狂-網拍-買-買-快-月-炸-東西-方便-抓-時間-分-加熱-後來-出包-直接-退
116,-氣炸-鍋-吸塵器-電-鬍刀-飛利浦-免油-健康-氣炸-鍋-電-鬍刀-刮鬍刀
117,-破盤-原售-飛利浦-蒸氣-熨斗-新品-上市-飛利浦-蒸氣-電熨斗-氣炸-鍋-充電
118,-有-購買-氣炸鍋-念頭-經過-發現-氣炸鍋-種類-多-最後-決定-購買-大-誘因-在於-烘烤-空間-是-目前-氣炸鍋
119,-我-自己-想要-了解-飛利浦-免油-健康-氣炸-鍋-人-份-尋找-資訊-做-功課-我-最近-找-飛利浦-免油-健康-氣炸-鍋-人-份-相關-資訊-整理-上
120,
121,-咳咳-感冒-今天-氣炸-鍋-開箱-文-氣炸-湯圓-撒上-花生粉-加-砂糖-氣炸-水餃-氣炸-迷迭-雞腿-排-心得-冷凍-食品-退-好-冰-氣炸-炸-久-口感-不佳
122,-排骨-沾-醬油-份量-外-上色-氣炸-鍋-取出-熱-鍋-加入-調味料-排骨-加-水-蓋過-排骨-大火煮滾-關-微火燜煮-肉軟嫩-最後汁-收乾-淋上-香油-起-鍋-完成
123,-三菱-托特包-吹風機-婕洛妮絲-印石-開運-男包-運動-飲料-狗餐罐-面膜-礦岩花緊實-系列-超值-訂
124,-飛利浦-代-健康-氣炸-鍋-皇家-尊爵-款-圖-飛利浦-提供-食安-風暴-讓-強調-自己-動手-做-家電-買氣-提升-賣場-時事-議題-加上-家庭-比例-提升-健康-廚房-家電-銷量-穩定-成長-日前
125,-售價-聲寶-多功能-燉鍋-一-機-用-附-透明-鍋蓋-方便-好-好用-功能-特性-詳細-商品-說明-熱銷-商品-飛利浦-健康-氣炸-鍋
126,-氣炸-鍋-久-最近-狠心-敗-回來-簡單-雞米花-薯條-開始-豆乳-雞-蜜汁-叉燒-進階-步驟-繁複-雞翅-包飯-是-問題-阿-口味-不錯-氣炸-鍋-是-懶
127,-無-鹽-奶油-無糖-可可粉-糖-蛋-低筋-麵粉-核桃-小-杯-做法-無-鹽-奶油-溶化-加入-可可粉-糖-蛋-低粉-攪拌-均勻-倒入-模型-灑上-核桃-氣炸-鍋-預熱
128,-牛排-香料-鹽-做法-鑄鐵-鍋乾煎牛-小-排-修-邊-筋肉-煎-表面-微焦-想-牛-油煎-洋蔥-馬鈴薯-牛排-香料-鹽-牛-小-排-邊-筋肉-混合-均勻-放入-氣炸-鍋
129,-飛利浦-氣炸-鍋-做-麵包-地瓜-橄欖-佛卡夏-麵包-陳秉文-老師-創作-香-清新-口感-散發-彷彿-義大利-窯烤-香氣-代-飛利浦-健康-氣炸-鍋
130,-我-有-想到-家電-產品-氣炸-鍋-電-暖爐-瞎
131,-老-妹-陣子-朝思暮想-日-念夜-念-氣炸-鍋-入手-神奇-氣炸-鍋-標榜-油炸-吃到-美味-炸物-逼-油-傳統-方式-少-油脂
132,-以為-豬肉-氣炸-鍋-去-油-用完-洗-油油-沒辦法-洗乾淨-豬油-厲害
133,-專品-潑水-級-波士頓-包-售價-通過-日本-撥水度-試驗-收裝-附有-腳架-固定-帶-裝配-相機-腳架-部附-隔板-飛利浦-免油-健康-氣炸-鍋
134,-飛利浦-播放機-氣炸-鍋-吸塵器-電鬍刀-飛利浦-免油-健康-氣炸-鍋
135,-五股-婦幼展-法國-童思樂-世界-知名-家電-空氣-炸-鍋-慢磨機-食物-調理-棒-吸塵器-超值
136,-三菱-護-腿-德國-時尚-壁貼-金-安德森-男包-日本-櫻桃-嚴選-童鞋-乾-衣-辦公桌-鞋子-香水-美體-香氛-法國-超值-訂
137,-請問-買-氣炸鍋-媽媽-們-你們-氣炸鍋-杏包-菇-炸-酥酥-我-兒子-吃-加州-來-炸-酥酥-杏包-菇-念念不忘-吵-吵-有-人-氣炸鍋-杏包
138,-哇奇網-平台-幸運-心-夢幻-逸品-飛利浦-免油-健康-氣炸-鍋-新-品-上市-不久-有-好-想-購入-價額-斐-自己-愛-炸物-想-嚐鮮-入手-遇到-哇奇
139,-國-電子-表示-我們-在一起-社區-園遊會-活動-結合-公益-回饋-社區-園遊會-準備-氣炸-鍋-厚釜鍋-豆漿機-地-鄉親-作-知識-使用-新奇-小-家電-現場-製作-熱騰騰-美食-鄉親
140,-隨便-一下-有-人-討論-飛利浦-健康-氣炸-鍋-煎烤盤-適用-飛利浦-健康-氣炸-鍋-煎烤盤-適用
141,-飛利浦-是-發明-氣炸-鍋-始祖-是-銷售量-好-迅雷不及掩耳-速度-推出-代-機-是-說-我-猶豫-下手-代-氣炸-鍋-容量-大-外型-搶眼-代-機-上
142,-飛利浦-氣炸-鍋-烤-餅乾-麵粉-蛋-奶油-材料-扮-勻-壓-出-自己-喜歡-模形-讓-手-作-溫度-陪-你-度過-周末-代-飛利浦-健康-氣炸-鍋-新-上市
143,-公司-有-氣炸-鍋-蒸籠-等於-無敵
144,-網路-特惠價-多-折扣-利率-分期-詳情-飛利浦-智慧-鍋-相關-產品-介紹-甜甜圈-鬆餅機-飛利浦-免-油-健康-氣炸-鍋
145,-錢-叫-誰-出-舊-公寓-醜-都市-更新-解決-鼓勵-加蓋式-近乎-違建-東西-競爭力-不足-錢-夠-自動-洗去-外圍-換-大樓-胡扯-瞎扯-長篇大論-臭-長-沒-氣炸-鍋
146,-家事-達-人-說-電鍋-煮飯-省錢-省-時間-兼顧-營養-健康-食-安-風暴-加上-物價-上漲-壓力-讓-一陣子-百貨公司-週年慶-電鍋-氣炸-鍋-多功能-鍋具-罕見-賣出-榨油機-翻
147,-家事-達-人-說-電鍋-煮飯-省錢-省-時間-兼顧-營養-健康-食-安-風暴-加上-物價-上漲-壓力-讓-一陣子-百貨公司-週年慶-電鍋-氣炸-鍋-多功能-鍋具-罕見-賣出-榨油機
148,-飛利浦-氣炸-鍋-烤-牛排-佐料-簡單-擺盤-香-嫩-多汁-氣炸-牛排-完成-代-飛利浦-健康-氣炸-鍋-新-上市-家-健康-做-五星級-大餐
149,-這裡-店家-是-看-我們-餓-瘋狂-掃桌-份-上-招待-炸-薯條-給-我們-灑上-檸檬皮-上-檸檬汁-充滿-香氣-店-內-炸食-是-氣炸-鍋
150,-尚朋堂-大-烤箱-售價-產品-說明-尚朋堂-大-烤箱-商品-功能-上火-下火-火三-歌林-健康-無油-空氣-炸-鍋
151,-強調-智慧節-榨油-耗時-費力-主婦-慎選-油品-廚房-家電-接受度-提升-氣炸-鍋-帶-起低油-健康-飲食-風潮-日前-飛利浦-推出-代-新機-看好-消費者-金字塔-頂端-消費-潛力-精品-家電
152,-飛利浦-健康-氣炸-鍋
153,-翻譯-氣炸-鍋-快鍋-悶-燒鍋-版主-您好-打擾-不好意思-我-解答-您-問題-我-想-您-分享-線-上學-英文-平台-提供給-您-做-參考-檢視-圖片-檢視-圖片-檢視-圖片-檢視-圖片-檢視-圖片線-上學
154,-看完-感覺-買-空氣-炸-鍋-比較
155,-繼續-放豬-五花肉片-對折-槌打-面積-大-繼續-對折-槌打-讓-肉片-緊密-結合-入-鍋-散掉-捶打-好-肉塊-沾-番薯粉-番薯粉-濕潤-放入-氣炸-鍋
156,-菜市場-買回來-豬肉片-個人-建議-解凍-好市-多-韓式-烤肉醬-醃肉-醬汁-加入-打扁-打碎-蒜頭-煎蛋-生菜-司4-肉用-氣炸-鍋烤-佳-烤箱-次之-沒辦法
157,-當初-挑選-廚房-設備-女主人-重視-品牌-實用-效能-包括-德國-廚具-冰箱-瓦斯爐-蒸爐-洗碗機-烤箱-咖啡機-氣炸-鍋
158,-今年-日本-年終-尾牙-人氣-獎品-是-價值-約-台幣-氣炸-鍋-雙人-溫泉-旅行-豪華-獎項-記者-沖繩-北海道-旅行-錢-禮品-公司-夜-台幣
159,-今年-日本-年終-尾牙-人氣-獎品-是-價值-約-台幣-氣炸-鍋-雙人-溫泉-旅行-豪華-獎項-記者-沖繩-北海道-旅行-錢-禮品-公司-夜-台幣
160,-今年-日本-年終-尾牙-人氣-獎品-是-價值-約-台幣-氣炸-鍋-雙人-溫泉-旅行-豪華-獎項-記者-沖繩-北海道-旅行-錢-禮品-公司-夜-台幣
161,-代-飛利浦-健康-氣炸-鍋-新-上市-免-油料-理-怕-黑心油-炸-薯條-輕鬆-烤魚-煎-牛排-做-麵包-烘焙-餅乾-蛋糕-烤箱-全新-皇家-尊爵-款-大-容量-讓-家人-滿足-健康-氣炸-鍋
162,-搶購-光-導熱-挑-鍋-飛利浦-黑晶爐-活力-紅-快速-到貨-特價-搶購-新-上市-歐洲-進口-容量-飛利浦-大-容量-健康-氣炸-鍋
163,-線-上-購物-聲寶-鍋-氣炸-鍋-減少-油脂-網路價-線-上-購物
164,-沒-小弟-我-負責-補標-作業-發現-我-詢問-正職-他們-叫-我-管-紫-標-對了-便宜-我-事-感覺-ㄟ-以上-年終-特點-活動-強打-牌-氣炸-鍋
165,-假油-風暴-大-迷思-換-方式-料理-食物-借-油-借-水-氣炸-鍋-鑽石-鍋好夯-破解-食安-危機-王品-出包-瘦肉-精-新-生產者-農夫-大-匯集-自備-購物袋-採買-趣-醫
166,-大方-美麗-我-我-妹妹-喜歡-她-氣炸-鍋-考慮
167,-餐管系-校友-陳秉文-著作-健康-氣炸-鍋-教-你-做出-五星級-國-料理-中央社-訊息-服務-元培-科技-大學-餐管系-校友-陳秉文-繼油切-好-口感-氣炸-鍋-食譜
168,-你-說-我-發信-問-消基會-問-說-這樣-寫-自推-商業-行為-他-自稱-是-購買-沒-人-知-錢-謝-算-算是-寫-手-必要-清楚-表明-消基會-說
169,-我-家-炫風-烤爐-用到-現在-20餘年-有-讚字-目前-負責-烤完-人-晚餐-大笑-烤-食物-種類-有-薯條-雞塊-雞-排-香腸-豬肉-魚肉-南瓜-肉泥-司-青椒
170,-現在-反省-氣炸-鍋-來-讚美-家-裡-飛利浦-黑晶爐-用到-年頭-當年-買-用到-現在-讚
171,-包括-飛利浦-廚房-小-家電-廣三-推出-活動-氣炸-鍋-全自動-製-麵包機-多功能-調理-機-低-折起-提醒-您-小-家電-用-電量-小-使用
172,-氣炸-鍋-是-奇妙-東西
173,-奧捷-蜜月-熊喵-私房行-準備-大補帖-華國-越夜-美麗-長虹-酒吧-燭光-晚餐-動靜-皆宜-正妹-活動-盈風鬆頸舒眠枕搭-床墊-白-金-升級-款飛-利浦-健康-氣炸-鍋
174,-廚房-客廳-電器-設備-電視-烤箱-電鍋-冰箱-洗衣機-氣炸-鍋-熱水瓶-瓦斯爐-電器-是-全新-人-鞋櫃-放-鞋-提供-網路-第四台-信-水電-瓦斯
175,-請-帶-員工證-飛利浦-免油-健康-氣炸-鍋-參考-網站-團-購-東西-使用-到-放-著生-灰塵-佔-空間-平常-使用-有-墊-鋁箔紙-內部-烤網無-油漬-無-食物-殘渣
176,-免油-健康-氣炸-鍋-黑色-高速-空氣-技術-利用-熱-空氣-煮-食物-加油-做到-油炸-效果-搭配-氣炸-鍋-食譜書-裡頭-有-做-菜小-秘訣-今日-購買-結帳-打-優惠
177,-擅用-新-科技-烹煮器-打造-飲食-首席-飲食-治療師-兼-飲食-治療-經理-林愛玲-提及-民眾-擅用-新-科技-烹煮-器材-氣炸-鍋-打造-飲食-起-事半功倍-作用-她-說-用油-氣炸
178,-搜索-氣炸-鍋-刮鬍刀-找-價格-實惠-商品-錄音機-筆4
179,-飛利浦-熱銷-氣炸-鍋-2011年-台灣-推出-估計-銷售-近期-食安-議題-熱門-飛利浦-推出-代-氣炸-鍋-研發-多樣-食譜-力-攻-飽和-市場-飛利浦-生活-事業
180,-飛利浦-熱銷-氣炸-鍋-2011年-台灣-推出-估計-銷售-近期-食安-議題-熱門-飛利浦-推出-代-氣炸-鍋-研發-多樣-食譜-力-攻-飽和-市場-飛利浦-生活-事業
181,-飛利浦-熱銷-氣炸-鍋-2011年-台灣-推出-估計-銷售-近期-食安-議題-熱門-飛利浦-推出-代-氣炸-鍋-研發-多樣-食譜-力-攻-飽和-市場-飛利浦-生活-事業部-行銷
182,-飛利浦-熱銷-氣炸-鍋-2011年-台灣-推出-估計-銷售-近期-食安-議題-熱門-飛利浦-推出-代-氣炸-鍋-研發-多樣-食譜-力-攻-飽和-市場-飛利浦-生活-事業部-行銷
183,-近年-多-職業婦女-照顧-工作-家庭-蠟燭-燒-選擇-氣炸-鍋-做-料理-縮減-傳統-料理-時間-需-基本功-響應-健康-下廚-新-風潮-型-男-主廚-陳秉文-開發-五星級-料理-食譜-讓-民
184,-中央社-記者-吳佳穎-台北-電-飛利浦-熱銷-氣炸-鍋-2011年-台灣-推出-估計-銷售-近期-食安-議題-熱門-飛利浦-推出-代-氣炸-鍋-研發-多樣-食譜-力-攻-飽和
185,-近年-多-職業婦女-照顧-工作-家庭-蠟燭-燒-選擇-氣炸-鍋-做-料理-縮減-傳統-料理-時間-需-基本功-響應-健康-下廚-新-風潮-型-男-主廚-陳秉文-開發-五星級-料理-食譜-讓-民
186,-飛利浦-代-氣炸-鍋-攻-市-中央社-記者-吳佳穎-台北-電-飛利浦-熱銷-氣炸-鍋-2011年-台灣-推出-估計-銷售
187,-近年-多-職業婦女-照顧-工作-家庭-蠟燭-燒-選擇-氣炸-鍋-做-料理-縮減-傳統-料理-時間-需-基本功-響應-健康-下廚-新-風潮-型-男-主廚-陳秉文-開發-五星級-料理-食譜-讓-民
188,-近年-多-職業婦女-照顧-工作-家庭-蠟燭-燒-選擇-氣炸-鍋-做-料理-縮減-傳統-料理-時間-需-基本功-響應-健康-下廚-新-風潮-型-男-主廚-陳秉文-開發-五星級-料理-食譜-讓-民
189,-近年-多-職業婦女-照顧-工作-家庭-蠟燭-燒-選擇-氣炸-鍋-做-料理-縮減-傳統-料理-時間-需-基本功-響應-健康-下廚-新-風潮-型-男-主廚-陳秉文-開發-五星級-料理-食譜-讓-民
190,-中央社-記者-吳佳穎-台北-電-飛利浦-熱銷-氣炸-鍋-2011年-台灣-推出-估計-銷售-近期-食安-議題-熱門-飛利浦-推出-代-氣炸-鍋-研發-多樣-食譜-力-攻-飽和
191,-中央社-記者-吳佳穎-台北-電-飛利浦-熱銷-氣炸-鍋-2011年-台灣-推出-估計-銷售-近期-食安-議題-熱門-飛利浦-推出-代-氣炸-鍋-研發-多樣-食譜-力-攻-飽和
192,-飛利浦-熱銷-氣炸-鍋-2011年-台灣-推出-估計-銷售-近期-食安-議題-熱門-飛利浦-推出-代-氣炸-鍋-研發-多樣-食譜-力-攻-飽和-市場-飛利浦-生活-事業
193,-飛利浦-熱銷-氣炸-鍋-2011年-台灣-推出-估計-銷售-近期-食安-議題-熱門-飛利浦-推出-代-氣炸-鍋-研發-多樣-食譜-力-攻-飽和-市場-飛利浦-生活-事業
194,-今-健康-氣炸-鍋-站台-她-身-藍-禮服-性感-登場-型-男-主廚-陳秉文-利用-鍋-大秀-廚藝-說-現在-外面-食安-危機-讓-我們-敢-吃-外食-我-開始-家-下廚-家-開
195,-時間-日-地點-本-館-9樓-邀請型-男-主廚-陳秉文-現場-年度-夯品-無油-氣炸-鍋-新品-營養-免濾-豆漿機
196,-小-家電-領導-品牌-飛利浦-2011年-引進-健康-氣炸-鍋-國內-即-話題-不斷-掀起-搶購-熱潮-強勢-魅力-持續-延燒到-今年-飛利浦-提供-消費者-生活-品質-隆重-推出-年度-新品
197,-差不多-是-食-材-準備好-放入-氣炸-鍋-時間-步驟-簡單-飛利浦-健康-氣炸-鍋-魅力-耳聞-久-型-男-主廚-陳秉文-拜師學藝-五星級-料理-做好
198,-我-用-買-鑄鐵-烤盤-煎完油噴-是-洗完-養鍋-麻煩-無意-間-使用-氣炸-鍋烤-牛肉-讚
199,-化身-性感-小-幫手-型-男-主廚-身邊-氣炸-鍋-料理-出-星-美食-焗烤-帝王-蟹-嘗-世界-美食-發現-這樣-料理-鍋具-方便-簡單-加油-吃-出-食物-原味
200,-化身-性感-小-幫手-型-男-主廚-身邊-氣炸-鍋-料理-出-星-美食-焗烤-帝王-蟹-嘗-世界-美食-發現-這樣-料理-鍋具-方便-簡單-加油-吃-出-食物-原味
201,-我-媽-喜歡-網-購-團購-最近-我-媽-買-氣炸-鍋-覺得-厲害-買-食品-炸-他-我-說-團購-事-我-媽-上班-故都-我-拿-我-家-拿-貨點-距離-加上-懶-拿-抗拒-媽-我-買-五股-鹹酥雞-我
202,-氣炸-鍋-吸塵器-電-鬍刀-飛利浦-免油-健康-氣炸-鍋-電-鬍刀-刮鬍刀
203,-大蒜-鹽-黑-胡椒粉-羅勒-番茄-乾-起-司-配色-做法-完整-取出-吐司-內裡-吐司-殼-內裡-塗抹-鴨油-蒜-鹽-黑-胡椒粉-放入-氣炸-鍋
204,-含-一體-成型-前取式易抽集油杯-詳細-說明-新-上市-歐洲-進口-容量-飛利浦-大-容量-健康-氣炸-鍋-附-食譜-創意-吃法
205,-飛利浦-代-健康-氣炸-鍋-即日-12月-1日-台北-新光三越-8館-北大-門口-舉辦-新品-體驗-活動-陳大任-攝-食品-問題-帶動-料理-小-家電-銷售-成長-氣炸-鍋-是-受惠-產品
206,-氣炸-鍋-是-受惠-產品-商品-良莠不齊-日前-消基會-完成-發現-僅有-產品-合格-飛利浦-氣炸-鍋-通過-相關-檢測-業者-昨日-發表-代-產品-外觀-規格-升級
207,-化身-性感-小-幫手-型-男-主廚-身邊-氣炸-鍋-料理-出-星-美食-焗烤-帝王-蟹-嘗-世界-美食-發現-這樣-料理-鍋具-方便-簡單-加油-吃-出-食物-原味
208,-氣炸-鍋-打響-名號-飛利浦-昨-日-發表-新品-改用-液晶-面板-整體-有-質感-皇家-尊爵-款-圖-容量-加倍-人-份-加大-人-份-增設-我-最愛-選項-設定
209,-讓-民眾-聞-油-色-變-讓-需要-油-炸出-酥脆-食物-氣炸-鍋-熱賣-業者-抓緊-時機-推出-氣炸-鍋-份量-加大-設定-常用-時間-省去-麻煩-希望
210,-小-家電-領導-品牌-飛利浦-2011年-引進-健康-氣炸-鍋-國內-即-話題-不斷-掀起-搶購-熱潮-強勢-魅力-持續-延燒到-今年-飛利浦-提供-消費者-生活-品質-今日-推出-年度-新品-飛利浦-代-健康
211,-小-家電-領導-品牌-飛利浦-2011年-引進-健康-氣炸-鍋-國內-即-話題-不斷-掀起-搶購-熱潮-強勢-魅力-持續-延燒到-今年-飛利浦-提供-消費者-生活-品質-今日-推出-年度-新品-飛利浦-代-健康
212,-小-家電-領導-品牌-飛利浦-2011年-引進-健康-氣炸-鍋-國內-即-話題-不斷-掀起-搶購-熱潮-強勢-魅力-持續-延燒到-今年-飛利浦-提供-消費者-生活-品質-今日-推出-年度-新品-飛利浦-代-健康
213,-小-家電-領導-品牌-飛利浦-2011年-引進-健康-氣炸-鍋-國內-即-話題-不斷-掀起-搶購-熱潮-強勢-魅力-持續-延燒到-今年-飛利浦-提供-消費者-生活-品質-今日-推出-年度-新品-飛利浦-代-健康
214,-露-事業-線-親密-餵食-男-主廚-2013年-11月-28日-今-健康-氣炸-鍋-站台-她-身-藍-禮服-性感-登場-型-男-主廚-陳秉文-利用-鍋-大秀-廚藝-說-現在-外面
215,-飛利浦-代-健康-氣炸-鍋-液晶-螢幕-大-容量-王者-姿-新-登場-台北訊-小-家電-領導-品牌-飛利浦-2011年-引進-健康-氣炸-鍋-國內-即-話題-不斷-掀起-搶購-熱潮
216,-無油-料理-正夯-飛利浦-代-健康-氣炸-鍋-液晶-螢幕-大-容量-王者-姿-新-登場-俏皮-表示-飛利浦-健康-氣炸-鍋-方便-需要-做-大餐-重要-場合-大展-身手-省下來
217,-讓-小-家電-氣炸-鍋-成為-搶購-熱潮-飛利浦-說-標榜-用油-做出-美味-料理-近期-業績-增加-延續-買氣-品牌-推出-代-氣炸-鍋-全新-外觀-升級
218,-涼風-颼颼-台北-是-誰-身-露肩小-禮服-是-給-人-甜美-健康-印象-陽光-女神-出席-飛利浦-健康-氣炸-鍋新品-上市-記者會-說-自己-愛-甜點-今天-用-氣炸-鍋
219,-小-家電-領導-品牌-飛利浦-2011年-引進-健康-氣炸-鍋-國內-即-話題-不斷-掀起-搶購-熱潮-強勢-魅力-持續-延燒到-今年-飛利浦-提供-消費者-生活-品質-隆重-推出-年度-新品-飛利浦-代-健康
220,-小-家電-領導-品牌-飛利浦-2011年-引進-健康-氣炸-鍋-國內-即-話題-不斷-掀起-搶購-熱潮-強勢-魅力-持續-延燒到-今年-飛利浦-提供-消費者-生活-品質-隆重-推出-年度-新品-飛利浦-代-健康
221,-今天-身-性感-俏-廚娘-造型-為-飛利浦-健康-氣炸-鍋-站台-現場-她-摩拳擦掌-型-男-主廚-陳秉文-拜師學藝-人-聯手-完成-五星級-料理-燒醬焗烤-帝王-蟹-耳聞-飛利浦-健康-氣炸-鍋-神奇-魅力
222,-今天-身-性感-俏-廚娘-造型-為-飛利浦-健康-氣炸-鍋-站台-現場-她-摩拳擦掌-型-男-主廚-陳秉文-拜師學藝-人-聯手-完成-五星級-料理-燒醬焗烤-帝王-蟹-耳聞-飛利浦-健康-氣炸-鍋-神奇-魅力
223,-今天-身-性感-俏-廚娘-造型-為-飛利浦-健康-氣炸-鍋-站台-現場-她-摩拳擦掌-型-男-主廚-陳秉文-拜師學藝-人-聯手-完成-五星級-料理-燒醬焗烤-帝王-蟹-耳聞-飛利浦-健康-氣炸-鍋-神奇-魅力
224,-氣炸-鍋-快鍋-悶燒鍋4-電-保溫-慢鍋-壓力鍋-鍋8-鍋
225,-飛利浦-大-容量-健康-氣炸-鍋-介紹-資料-新-上市-歐洲-進口-容量-瓊儀-你-看-飛利浦-大-容量-健康-氣炸-鍋-超強-找-官網-報導-測試文-我-發
226,
227,-橘子-洗淨-刮除-橘皮-表面-果肉-去-子-去-皮-放入-攪拌-機-攪拌成-泥-放入-鍋-倒-橙皮酒-熬-煮-橘子醬-收汁-鑄鐵-鍋-加熱-鴨-皮面-朝鍋乾煎-4分鐘-取出-鴨-皮面-朝上-放入-氣炸-鍋
228,-國-電子-指出-社區-園遊會-活動-結合-公益-回饋-社區-園遊會-準備-氣炸-鍋-厚釜鍋-豆漿機-地-民眾-作-知識-使用-新奇-小-家電-現場-製作-熱騰騰-美食-鄉親-分享-嚐鮮
229,-老薑-切片-放入-鍋-加-水-煮滾-放入-烏魚-白子-清酒-煮-滾-煮-餐巾紙-擦乾-煮好-烏魚-白子-入-鍋-煎道-表面-微焦-上桌-烏魚-白子-想-丟-氣炸-鍋
230,-百貨業-近年-暢銷-小-家電-咖啡機-果汁機-豆漿機-減少-用油-氣炸-鍋-賣-翻天-今年-爆發-黑心油-事件-遠-引進-銷售-機熱銷-製麵機-出爐-加入-蔬菜汁-做-蔬菜麵
231,-百貨業-近年-暢銷-小-家電-咖啡機-果汁機-豆漿機-減少-用油-氣炸-鍋-賣-翻天-今年-爆發-黑心油-事件-遠-引進-銷售-機熱銷-製麵機-出爐-加入-蔬菜汁-做-蔬菜麵
232,-百貨業-近年-暢銷-小-家電-咖啡機-果汁機-豆漿機-減少-用油-氣炸-鍋-賣-翻天-今年-爆發-黑心油-事件-遠-引進-銷售-機熱銷-製麵機-出爐-加入-蔬菜汁-做-蔬菜麵
233,-百貨業-近年-暢銷-小-家電-咖啡機-果汁機-豆漿機-減少-用油-氣炸-鍋-賣-翻天-今年-爆發-黑心油-事件-遠-引進-銷售-機熱銷-製麵機-出爐-加入-蔬菜汁-做-蔬菜麵
234,-百貨業-近年-暢銷-小-家電-咖啡機-果汁機-豆漿機-減少-用油-氣炸-鍋-賣-翻天-今年-爆發-黑心油-事件-遠-引進-銷售-機熱銷-製麵機-出爐-加入-蔬菜汁-做-蔬菜麵-擔心
235,-百貨業-近年-暢銷-小-家電-咖啡機-果汁機-豆漿機-減少-用油-氣炸-鍋-賣-翻天-今年-爆發-黑心油-事件-遠-引進-銷售-機熱銷-製麵機-出爐-加入-蔬菜汁-做-蔬菜麵-擔心
236,-百貨業-近年-暢銷-小-家電-咖啡機-果汁機-豆漿機-減少-用油-氣炸-鍋-賣-翻天-今年-爆發-黑心油-事件-遠-引進-銷售-機熱銷-製麵機-出爐-加入-蔬菜汁-做-蔬菜麵
237,-百貨業-近年-暢銷-小-家電-咖啡機-果汁機-豆漿機-減少-用油-氣炸-鍋-賣-翻天-今年-爆發-黑心油-事件-遠-引進-銷售-機熱銷-製麵機-出爐-加入-蔬菜汁-做-蔬菜麵
238,-百貨業-近年-暢銷-小-家電-咖啡機-果汁機-豆漿機-減少-用油-氣炸-鍋-賣-翻天-今年-爆發-黑心油-事件-遠-引進-銷售-機熱銷-製麵機-出爐-加入-蔬菜汁-做-蔬菜麵
239,-百貨業-近年-暢銷-小-家電-咖啡機-果汁機-豆漿機-減少-用油-氣炸-鍋-賣-翻天-今年-爆發-黑心油-事件-遠-引進-銷售-機熱銷-製麵機-出爐-加入-蔬菜汁-做-蔬菜麵
240,-百貨業-近年-暢銷-小-家電-咖啡機-果汁機-豆漿機-減少-用油-氣炸-鍋-賣-翻天-今年-爆發-黑心油-事件-遠-引進-銷售-機熱銷-製麵機-出爐-加入-蔬菜汁-做-蔬菜麵
241,-百貨業-近年-暢銷-小-家電-咖啡機-果汁機-豆漿機-減少-用油-氣炸-鍋-賣-翻天-今年-爆發-黑心油-事件-遠-引進-銷售-機熱銷-製麵機-出爐-加入-蔬菜汁-做-蔬菜麵
242,-百貨業-近年-暢銷-小-家電-咖啡機-果汁機-豆漿機-減少-用油-氣炸-鍋-賣-翻天-今年-爆發-黑心油-事件-遠-引進-銷售-機熱銷-製麵機-出爐-加入-蔬菜汁-做-蔬菜麵
243,-發現-架-上-電器-氣炸-鍋-咖啡機-是-日系-品牌-乍看-我-覺得-還好-她-是-看-耐看-覺得-有-質感
244,-即日-12月-5日-年終-慶抗漲-回饋-熱-推小-太陽-專業-冰沙-調理-機-大同-無油-氣炸-鍋-引進-歌林-蛋捲機-訴求-有-找-送-遠東-商品券-抵-有-商品-折起-商品-買
245,-免油-健康-多功能-氣炸-鍋-買-上課券-中文-標準-盒裝版-售價-送-超薄
246,-百貨業-近年-暢銷-小-家電-咖啡機-果汁機-豆漿機-減少-用油-氣炸-鍋-賣-翻天-今年-爆發-黑心油-事件-遠-引進-銷售-機熱銷-製麵機-出爐-加入-蔬菜汁-做-蔬菜麵
247,-年-買-氣炸-鍋-小量-烤-今年-9月-買-蒸氣-烤爐-發現-它-煮-主菜-烤魚-烤肉-煮菜-煮-湯-適合-話-主菜-涼-0月
248,-行政院-活動-騙人-最後-加碼-獎品-有-冰箱-氣炸-鍋-行李箱-筆電-相機-小-摺-西堤-牛排券-碟-禮券-超過-下午-結束-獎品-名額-很多-大
249,-分享-紅利-點數-免費-兌換-飛利浦-氣炸-鍋-唐寧茶-皇家-禮盒-九陽-全自動-豆漿機
250,-特別-感謝-以下-單位-熱情-提供-獎項-新-北市-政府-加碼-氣炸-鍋-基隆-市政府-加碼-摺疊式-腳踏車-屏東縣-政府-加碼-做-最後-衝
251,-參加-抽獎-動動-手指-獎品-名額-試試-手氣-筆電-大獎-行政院-增加-加碼-獎品-冰箱-氣炸-鍋
252,-獎品-名額-試試-手氣-筆電-大獎-行政院-增加-加碼-獎品-冰箱-氣炸-鍋-行李箱-筆電-相機
253,-參加-抽獎-動動-手指-獎品-名額-試試-手氣-筆電-大獎-行政院-增加-加碼-獎品-冰箱-氣炸-鍋-行李箱-筆電-相機-小-摺-西堤-牛排券
254,-有-之前-氣炸-鍋-為鑑-廣告-神-上手-冰-想-請教-神人-前輩-豆漿機-是-值得-投資-感謝-發信-站-批-踢踢-實業-坊
255,-吸引人-答對-問題-抽獎-答案-附上-獎品-縣市政府-加碼-提供-觸控-筆電-電冰箱-西堤-牛排-餐券-氣炸-鍋
256,-吸引人-答對-問題-抽獎-答案-附上-獎品-縣市政府-加碼-提供-觸控-筆電-電冰箱-西堤-牛排-餐券-氣炸-鍋
257,-冰箱-氣炸-鍋-行李箱-筆電-相機-小-摺-禮券-行政院-活動-騙人-獎品-名額-很多-大家-試試-手氣-公開-錄
258,-吸引人-答對-問題-抽獎-答案-附上-獎品-縣市政府-加碼-提供-觸控-筆電-電冰箱-西堤-牛排-餐券-氣炸-鍋
259,-騙人-獎品-冰箱-氣炸-鍋-行李箱-筆電-相機-小-摺-西堤-牛排券-碟-禮券-下午-結束-獎品-名額-很多-大家-試試
260,-騙人-獎品-冰箱-氣炸-鍋-行李箱-筆電-相機-小-摺-西堤-牛排券-碟-禮券-下午-結束-獎品-名額-很多-大家-試試
261,-騙人-獎品-冰箱-氣炸-鍋-行李箱-筆電-相機-小-摺-西堤-牛排券-碟-禮券-下午-結束-獎品-名額-很多-大家-試試
262,-炸-方式-處理好-麵包粉-山藥-沾點-蛋-液-裹上-薄薄-麵包粉-送入-氣炸-鍋-脆脆-山藥-餅灑點-胡椒-鹽-吃-收藏-完整-食譜
263,-冰箱-氣炸-鍋-行李箱-筆電-相機-小-摺-禮券-免費-抽-有-答案-是
264,-冰箱-氣炸-鍋-行李箱-筆電-相機-小-摺-禮券-免費-抽-有-答案-是
265,-分享-紅利-點數-免費-兌換-飛利浦-氣炸-鍋-唐寧茶-皇家-禮盒-九陽-全自動-豆漿機
266,-拍-照片-給-他-漂亮-有-他-兒童餐-可愛-是-小人-愛-麵包-超人餐-便宜-有-可愛-兒童餐-可愛-看到-菜-文字-內容-老闆-用心-超人餐-奶油-香腸-燉飯-新鮮-蕈菇-進口-香腸
267,-冰箱-氣炸-鍋-行李箱-筆電-相機-小-摺-禮券-免費-抽-有-答案-是
268,-冰箱-氣炸-鍋-行李箱-筆電-相機-小-摺-禮券-免費-抽-有-答案-是
269,-冰箱-氣炸-鍋-行李箱-筆電-相機-小-摺-禮券-免費-抽-有-答案-是
270,-冰箱-氣炸-鍋-行李箱-筆電-相機-小-摺-禮券-免費-抽-有-答案-是
271,-品牌-信賴-圖片-來自-網路-食安-風暴-演變-現在-獲利-我-想-是-家電-公司-厝-邊-頭尾-阿珠-現在-成-時尚-主廚-製-麵包機-榨油機-氣炸-鍋
272,-品牌-信賴-圖片-來自-網路-食安-風暴-演變-現在-獲利-我-想-是-家電-公司-厝-邊-頭尾-阿珠-現在-成-時尚-主廚-製-麵包機-榨油機-氣炸-鍋
273,-品牌-信賴-圖片-來自-網路-食安-風暴-演變-現在-獲利-我-想-是-家電-公司-厝-邊-頭尾-阿珠-現在-成-時尚-主廚-製-麵包機-榨油機-氣炸-鍋
274,-品牌-信賴-圖片-來自-網路-食安-風暴-演變-現在-獲利-我-想-是-家電-公司-厝-邊-頭尾-阿珠-現在-成-時尚-主廚-製-麵包機-榨油機-氣炸-鍋
275,-拿來-加熱-大同-電鍋-加減-用-浪費-錢-烤-建議-氣炸-鍋-買-買-台灣-沒-人-每天-吃-烤-雞-買-大-烤箱-浪費-錢-位置-飛利浦-現在-溫控精
276,-冰箱-氣炸-鍋-行李箱-筆電-相機-小-摺-禮券-免費-抽-有-答案-是
277,-品牌-信賴-圖片-來自-網路-食安-風暴-演變-現在-獲利-我-想-是-家電-公司-厝-邊-頭尾-阿珠-現在-成-時尚-主廚-製-麵包機-榨油機-氣炸-鍋
278,-做-囡囡-明天-點心-布丁-氣炸-鍋-烤箱-同時-開-明天-中午-記得-領-布丁-妳-有
279,-我-記得-有-朋友-是-我-說-氣炸-鍋-烤箱-原理-是-一樣-開始-看到-我-覺得-心動-它-體積-大
280,-新-北市-政府-加碼-氣炸-鍋-基隆-市政府-加碼-摺疊式-腳踏車-屏東縣-政府-加碼-做-最後-衝
281,-免油-健康-氣炸-鍋-人-份-大-容量-具備-觸控-螢幕-內-附-食譜-烤架-少-油-星-料理-家-輕鬆-做-今日-購買-結帳-折-廠商-加碼-送-市價-煎烤盤
282,-款-我-有-買-好用-便宜-讚
283,-廠拍-期間-推出-物-絕版品-出清-折起-惜福品-專區-當日-消費-滿-參加-活動-滿-現折-滿-免-運費-獎項-包括-飛利浦-免油-氣炸-鍋
284,-特別-感謝-以下-單位-熱情-提供-獎項-新-北市-政府-加碼-氣炸-鍋-基隆-市政府-加碼-摺疊式-腳踏車-屏東縣-政府-加碼-做-最後-衝
285,-民眾-怕-吃到-黑心-飲食-人口-減少-人-改成-家-中-改變-飲食-習慣-掀起-機-慢磨機-豆漿機-製麵機-氣炸-鍋-廚房-健康-小-家電-採買-熱潮-健康-小-家電-便宜-不一
286,-國-電子-表示-近期-相關-產品-銷售量-上-攀升-包含-豆漿機-果汁機-氣炸-鍋-有-成長-麵包機-慢磨機-是-近期-熱門-商品-有-倍數-成長-是-麵包機-賣-缺貨
287,-國-電子-表示-近期-相關-產品-銷售量-上-攀升-包含-豆漿機-果汁機-氣炸-鍋-有-成長-麵包機-慢磨機-是-近期-熱門-商品-有-倍數-成長-是-麵包機-賣-缺貨
288,-業種-區分-名品-家電-成長-達-到-小-家電-麵包機-榨油機-氣炸-鍋-賣-最佳-台南-西門店-服飾-表現-亮眼-成長-賣-辛苦-是-男裝-小-跌-女裝-童
289,-業種-區分-名品-家電-成長-達-到-小-家電-麵包機-榨油機-氣炸-鍋-賣-最佳-台南-西門店-服飾-表現-亮眼-成長-賣-辛苦-是-男裝-小-跌-女裝-童
290,-業種-區分-名品-家電-成長-達-到-小-家電-麵包機-榨油機-氣炸-鍋-賣-最佳-台南-西門店-服飾-表現-亮眼-成長-賣-辛苦-是-男裝-小-跌-女裝-童裝-接近-持平
291,-業種-區分-名品-家電-成長-達-到-小-家電-麵包機-榨油機-氣炸-鍋-賣-最佳-台南-西門店-服飾-表現-亮眼-成長-賣-辛苦-是-男裝-小-跌-女裝-童
292,-業種-區分-名品-家電-成長-達-到-小-家電-麵包機-榨油機-氣炸-鍋-賣-最佳-台南-西門店-服飾-表現-亮眼-成長-賣-辛苦-是-男裝-小-跌-女裝-童
293,-業種-區分-名品-家電-成長-達-到-小-家電-麵包機-榨油機-氣炸-鍋-賣-最佳-台南-西門店-服飾-表現-亮眼-成長-賣-辛苦-是-男裝-小-跌-女裝-童
294,-業種-區分-名品-家電-成長-達-到-小-家電-麵包機-榨油機-氣炸-鍋-賣-最佳-台南-西門店-服飾-表現-亮眼-成長-賣-辛苦-是-男裝-小-跌-女裝-童
295,-業種-區分-名品-家電-成長-達-到-小-家電-麵包機-榨油機-氣炸-鍋-賣-最佳-台南-西門店-服飾-表現-亮眼-成長-賣-辛苦-是-男裝-小-跌-女裝-童
296,-業種-區分-名品-家電-成長-達-到-小-家電-麵包機-榨油機-氣炸-鍋-賣-最佳-台南-西門店-服飾-表現-亮眼-成長-賣-辛苦-是-男裝-小-跌-女裝-童
297,-填-問-券-抽-豆漿機-氣炸-鍋-等-大獎-有-美腿機-豆漿機-氣炸-鍋-奶粉-等-我-想要-奶粉-省-省-運氣-好-中
298,-活動-期間-5得獎-公佈-獎項-很多-有-美腿機-九陽-豆漿機-氣炸-鍋-奶粉-附上-網址
299,-活動-網址-活動-獎項-液晶-電視-氣炸-鍋
300,-活動-網址-活動-獎項-液晶-電視-氣炸-鍋
301,-雙十-淘-寶-划算-戰利品-氣炸-鍋-好用-令-人-興奮-試炸過蝦卷-芋頭-薯條-說-方便-好用-真心-推薦
302,-有-油煙-新-產品-氣炸-鍋-是-產生-油煙-像-是-國外-室-內-空間-大-客廳-廚房-有-開放型-廚房-算-應付-國外-生活-一陣子-像-是
303,-油條-土司-現在-民眾-流行-使用-氣炸-鍋-是-高溫-容易-超過-醫生-建議-炸烤-時候-超過-忍不住-嘴饞-想-吃-高溫-炸烤-食品-月-為限-想要-吃
304,-分享-紅利-點數-免費-兌換-飛利浦-氣炸-鍋-唐寧茶-皇家-禮盒-威秀-影城-電影票-九陽-全自動-豆漿機-新版-新手-烘焙-聖經
305,-油條-土司-現在-民眾-流行-使用-氣炸-鍋-是-高溫-容易-超過-醫生-建議-炸烤-時候-超過-忍不住-嘴饞-想-吃-高溫-炸烤-食品-月-為限-想要-吃
306,-飛利浦-健康-氣炸-鍋-原價-送-黃色-小-鴨-真空-杯-市價
307,-活動-截止日-活動-網址-活動獎-項-液晶-電視-氣炸-鍋
308,-台南-大-遠百-公關-王詠嬋-表示-遠百-周年慶-遇上-食用油-風暴-推出-義大利-進口-橄欖油-豆漿機-麵包機-氣炸-鍋-小-家電-業績-增加
309,
310,-準時-開賣-勳風免油-健康-多功能-氣炸-鍋-供應商-資料-免費-刊登-廣告-準時-開賣-開始-中午-結束-賣完-原價-破盤-價-會員-帳號-限購
311,-聲寶-健康-油切-氣炸-鍋-特價-最近-食安-風波-不斷-以前-買-覺得-吃-安心-現在-家-裡-煮-怕-用到-問題油-小編-超-愛-吃-炸物-心-裡-憋-感謝-有
312,-使用-使用-便宜-賣出-購入-買-出-議-附-保證卡-紙箱-外盒-在-作者-編輯-作者
313,-是-有-找-款式-後來-聽說-氣炸-鍋-料理-好用-做-功課-問-結果-是-大家-各自-推薦-自己-家-賣-東西-想-請教-料理-前輩-重點-是-希-望-快速-簡單-好用-容易-上手-容易
314,-查詢-像-是-刮鬍刀-氣炸-鍋-完善-找-價格-實惠-商品-耳
315,-健康-氣炸-鍋-教-你-做出-五星級-國-料理-開胃菜-主餐-甜點-滿足-出版社-橘子-作者-陳秉文-楊志雄-攝影-定價-煮-父母-單身-新貴-料理-救星-學到-賺到-五星級-氣炸-鍋
316,-網路-是-消費-趨勢-方便-找-便宜-東西-買到-低價-東西-檢索-氣炸-鍋
317,-送-刮刮卡-滿-送-滿-送-最多-送-高-大同-全新-智慧-液晶-型-有-新-大同-智慧-電鍋-大同-氣炸-鍋-富士
318,-送-刮刮卡-滿-送-滿-送-最多-送-高-大同-全新-智慧-液晶-型-有-新-大同-智慧-電鍋-大同-氣炸-鍋-富士
319,-搜索-氣炸-鍋-刮鬍刀-找-便宜-東西-搜尋-找到-負責任-開
320,-今天-收到-遠百-寄來-氣炸-鍋-成功-做出-小孩-愛-吃-薯條-皮-是-玉堯玉舜削-我們-覺得-有-成就感-氣炸-鍋-做出-無-薯條-我-油拌-拌-好吃
321,-國-電子-表示-我們-在一起-社區-園遊會-現場-準備-氣炸-鍋-厚釜鍋-豆漿機-小-家電-製作-美食-供-鄉親-嚐鮮-現場-抽出-幸運-民眾-贈送-小-家電-終身-免費-金幣-貼紙-獲獎-民眾-享有-小
322,-國-電子-表示-我們-在一起-社區-園遊會-現場-準備-氣炸-鍋-厚釜鍋-豆漿機-小家電-製作-美食-供-鄉親-嚐鮮-現場-抽出-幸運-民眾-贈送-小家電-終身-免費-金幣-貼紙-獲獎-民眾-享有-小家電-終身-免費
323,-國-電子-表示-我們-在一起-社區-園遊會-現場-準備-氣炸-鍋-厚釜鍋-豆漿機-小家電-製作-美食-供-鄉親-嚐鮮-現場-抽出-幸運-民眾-贈送-小家電-終身-免費-金幣-貼紙-獲獎-民眾-享有-小家電-終身-免費
324,-國-電子-表示-我們-在一起-社區-園遊會-現場-準備-氣炸-鍋-厚釜鍋-豆漿機-小-家電-製作-美食-供-鄉親-嚐鮮-現場-抽出-幸運-民眾-贈送-小-家電-終身-免費-金幣-貼紙-獲獎-民眾-享有-小
325,-國-電子-表示-我們-在一起-社區-園遊會-現場-準備-氣炸-鍋-厚釜鍋-豆漿機-小-家電-製作-美食-供-鄉親-嚐鮮-現場-抽出-幸運-民眾-贈送-小-家電-終身-免費-金幣-貼紙-獲獎-民眾-享有-小
326,-國-電子-表示-我們-在一起-社區-園遊會-現場-準備-氣炸-鍋-厚釜鍋-豆漿機-小-家電-製作-美食-供-鄉親-嚐鮮-現場-抽出-幸運-民眾-贈送-小-家電-終身-免費-金幣-貼紙-獲獎-民眾-享有-小
327,-國-電子-表示-我們-在一起-社區-園遊會-現場-準備-氣炸-鍋-厚釜鍋-豆漿機-小-家電-製作-美食-供-鄉親-嚐鮮-現場-抽出-幸運-民眾-贈送-小-家電-終身-免費-金幣-貼紙-獲獎-民眾-享有-小
328,-同-場-加映-你-家-氣炸-鍋-合格-102年度-標檢局-消基會-氣炸-鍋-抽檢-結果-看
329,-結束-時間-獎品-美腿機-豆漿-氣炸-鍋-奶粉-活動-辦法-填寫-健康-評量-表-獲得-營養-食譜
330,-手續-濾淨-過濾-水質-甘甜-礦物質-流失-幫助-人體-吸收-水-殘留-物質-濾-率-達-超高-標準-濾材-國際-認證-詳細-說明-同類-暢銷-推薦-高速-熱旋-循環-技術-下-殺-歌林-代-油切-氣炸-鍋
331,-油-切-健康-氣炸-鍋-當初-搶不到-現在-撿到-大-便宜-家-中-有-氣炸-鍋-享受-美味-料理-全民-聞油-色-變-時代-無-油煙-享受-健康-享-安心-保固
332,-超油切-美味-失誤-氣炸-鍋-省時-食譜-售價-詳細-資料-叢書-系列-慢-廚房-規格-快手-烤箱菜-售-價
333,-你-好-看到-浴盆-照片-知道-價格-是
334,-食材-含-豐富-油脂-特殊-功能-鍋子-鍋-氣炸-鍋-油-逼出-健康-少-油-料理-不同-方式-選用-不同油-不同-品牌-建議-更換-吃-健
335,-分享-紅利-點數-免費-兌換-飛利浦-氣炸-鍋-唐寧茶-皇家-禮盒-威秀-影城-電影票-九陽-全自動-豆漿機
336,-家-中-有-電鍋-氣炸-鍋-水波-爐熱菜-速度-慢-感覺-我-兩樣-電器-取代-發信-站-批-踢踢-實業-坊
337,-點-我-參考-博客-來-書店-書-含-封面-封-彩-膠裝-書腰-右下-角-有-作者-名稱-買-書-抽-氣炸-鍋-這樣-好康-打
338,-氣炸-鍋-業績-回春-食-安-風波-家電-跟著旺-表示-首日-麵包機-榨油機-熱賣-買氣-冷-免油-烹調-氣炸-鍋-回春-售價-起跳-估單日-賣出-去年-增
339,-氣炸-鍋-業績-回春-食-安-風波-家電-跟著旺-表示-首日-麵包機-榨油機-熱賣-買氣-冷-免油-烹調-氣炸-鍋-回春-售價-起跳-估單日-賣出-去年-增
340,-鄧博仁-攝-百貨公司-周年慶-有-熱賣-商品-竄出-頭-去年-是-氣炸-鍋-今年-冒出-食安-相關-商品-熱賣-百貨-周慶-首日-銷售-狀況-發現-食安-事件-頻傳-消費者-想-回家-自己-做-菜-帶動-鍋具-業績-激增-倍-進口
341,-青椒-爆香蔥-調味料-鹽巴-做法-我-黑-鮪魚-香腸-氣炸-鍋-炸熟-用油-口感-好吃-健康-炸熟-備用-青椒-爆香蔥-洗乾淨-切塊-鍋子-倒-油-放入-爆香蔥-炒-香-倒入-青椒-炒熟-放
342,-是-聲寶-氣炸-鍋-我-買來-炸-小時-停-沒-壞-我-看-新聞-報導-廠牌-出-問題-同學-說-買-微電腦-勸-妳-買
343,-飛利浦-氣炸-鍋-容量-大-飛利浦-氣炸-鍋-出來-買-我-覺得-好用-內-鍋-塗層-脫漆-我-覺得-影響-開始-買到-現在-是-內-鍋-墊錫
344,-九陽-多功能-製麵機-價格-註-最-快-20分鐘-完成-製麵-九陽-豆漿機-價格-註-新增-倍濃-豆漿-功能-濃度-增加-飛利浦-氣炸-鍋
345,-家電-達-人-表示-現在-油品-問題-多-吃-油-身體-健康-氣炸-鍋-是-好-選擇-像-是-飛利浦-氣炸-鍋-油-享受-美味-炸物-高速-空氣-對流
346,-新光三越-左營店-表示-受到-食品-問題-影響-今年-主打-安心-烹調-小-家電-氣炸-鍋-麵包機-鍋具-備貨量-增加-怡-食物-調理-機-原價
347,-阿公-拉-孫子-買-麵包機-說-自己-做-麵包-健康-家人-結帳-買-子孫-代-住-一起-麵包機-大手筆-邊-台-食安-疑慮-週年慶-第一天-麵包機-賣-有-氣炸-鍋
348,-阿公-拉-孫子-買-麵包機-說-自己-做-麵包-健康-家人-結帳-買-子孫-代-住-一起-麵包機-大手筆-邊-台-食安-疑慮-週年慶-第一天-麵包機-賣-有-氣炸-鍋
349,-阿公-拉-孫子-買-麵包機-說-自己-做-麵包-健康-家人-結帳-買-子孫-代-住-一起-麵包機-大手筆-邊-台-食安-疑慮-週年慶-第一天-麵包機-賣-有-氣炸-鍋
350,-阿公-拉-孫子-買-麵包機-說-自己-做-麵包-健康-家人-結帳-買-子孫-代-住-一起-麵包機-大手筆-邊-台-食安-疑慮-週年慶-第一天-麵包機-賣-有-氣炸-鍋
351,-有用-氣炸-鍋炸-東西-用-鍋子-炸-東西-好-苦-茶油-作用-是-拿來-炒-菜-吃-少-宜蘭-蔥-青蔥-是-宜蘭人-肝病-禍首-提醒-你-宜蘭人
352,-最近油-出現-銅-葉綠素-問題-需要-用油-氣炸-鍋-受-歡迎-網路-出現-自製-麵條-影片-健康-人-願意-花-時間-麵粉-加上-水-配料-丟進-烤-麵包機-是-烘焙-師傅
353,-服飾-冬季-寢具-氣炸-鍋-有-不錯-買氣-寬-庭-周年慶-推出-要價-義大利-埃及-長-纖細-棉-床包組-貴-嚇人-售出-寢具-人工-歷
354,-下-殺-歌林-代-油切-氣炸-鍋-高速-熱旋-循環-技術-溫度-控制-空氣-過濾-系統-廚房-家電-料理-氣炸-鍋-特價-推薦-高速-熱旋-循環
355,-氣炸-鍋-業績-回春-食-安-風波-家電-跟著旺-表示-首日-麵包機-榨油機-熱賣-買氣-冷-免油-烹調-氣炸-鍋-回春-售價-起跳-估單日-賣出-去年-增
356,-白朗-油切-健康-氣炸-鍋-撿便宜-時候-來-到-價格-家人-健康-美味-料理-台-加贈-隔熱-墊-料理-食譜
357,-做-糕點-家-裡-有-中筋-麵粉-太白粉-鹽糖-有有-氣炸-鍋小-烤箱-電鍋-微波爐-瓦斯爐-請問-有-推薦-料理-處理-謝謝-大家-發信-站
358,
359,-甫出-氣炸-鍋-新書-媽咪-讓-小孩-輕鬆-吃-南瓜-綺麗-世界-好吃-連-皮-放過-蜂蜜-烤-南瓜
360,-我-是-看到-氣炸-鍋-新聞
361,-台灣-市場-10月-推出-創下-雨靴-包-東京-著衣-秋冬-外套-飛利浦-氣炸-鍋-商品-上線-瞬間-殺-紀錄-帶動-業績
362,-買-健康-氣炸-鍋-理由
363,-牌子-氣炸-鍋-便宜-相對-傳統-方式
364,-晚上-拿-輸出-東西-老闆-拿出-氣炸-鍋炸-雞塊-給-我們-吃-說-是-老闆娘-吵-買-後來-嫌-麻煩-老闆-自己-下海-炸
365,-氣炸鍋-抽檢-結果-公布-最近-大家-油品-事件-心驚-驚-想-吃-炸食-怕-用到-黑心油-煮-婦-們-改用-氣炸鍋-免-用油-做出-酥脆-料理-使用-氣炸鍋-料理-看看-標檢局-消基
366,-最近-大家-油品-事件-心驚-驚-想-吃-炸食-怕-用到-黑心油-煮-婦-們-改用-氣炸鍋-免-用油-做出-酥脆-料理-使用-氣炸鍋-料理-看看-標檢局-消基會-新-公布-氣炸鍋
367,-鄧博仁-攝-百貨公司-周年慶-有-熱賣-商品-竄出-頭-去年-是-氣炸-鍋-今年-冒出-食安-相關-商品-熱賣-百貨-周慶-首日-銷售-狀況-發現-食安-事件-頻傳-消費者-想-回家-自己-做-菜-帶動-鍋具-業績-激增-倍-進口
368,-百貨公司-周年慶-有-熱賣-商品-竄出-頭-去年-是-氣炸-鍋-今年-冒出-食安-相關-商品-熱賣-百貨-周慶-首日-銷售-狀況-發現-食安-事件-頻傳-消費者-想-回家-自己-做-菜-帶動-鍋具-業績-激增-倍-進口-橄欖油
369,-家電-保養品-日用品-促銷-台-生技-私密-膠原-潔淨-露-經典-托特肩-背包-飛利浦-健康-無油-氣炸-鍋-美國-者-激-光-炫彩-鏡面-行李箱-特價
370,-我-滿額-禮-送來-是-我-喜歡-顏色-開心-廣告-有-創意-文青-現在-努力-清理-家-裡-真-開心-他-有-興趣-物品-讓-他-心甘情願-做-家事-他-時候
371,-上-安檢-榜-記得-熔化
372,-沒-水瓶-沒-微波爐-氣炸-鍋-沒-溫奶器-沒-第四台-有-鍋-洗衣機-大同-電鍋-桌機-每天-使用-晚上-共吹-冷氣-設-4小時-搭配-風扇-白天-吹-雙頭-電扇-麻衫-布料
373,-我-喜歡-吃-菇類-炸-杏-鮑菇-菇類-好吃-有-炸-花椰菜-好吃-四季豆-棒-現在-有-氣炸-鍋-蔬菜-下去-氣炸-健
374,-謝謝-媽媽-們-回應-我-口袋-深-廚房-小-選
375,-是-鍋-好用-氣炸-鍋-炸-東西-我-推薦-現在-日立-出-水蒸氣-微波爐-日本-流行-一陣子-方便-健康-價格-貴-版媽-有-能力
376,-氣炸-鍋-烤-氣炸-吃-食物-鍋-用途-很多-壓力鍋-煮-湯-甜湯-還可以-烤雞-烤-肉-煮飯
377,-題-買-請問-媽媽-想-買-下班-煮-晚餐-趕去-接-小孩-下課-主菜-青菜-湯-這樣-買-省事
378,-國-電子-表示-我們-在一起-社區-園遊會-現場-準備-氣炸-鍋-厚釜鍋-豆漿機-小家電-製作-美食-供-鄉親-嚐鮮-現場-抽出-幸運-民眾-贈送-小家電-終身-免費-金幣-貼紙-獲獎-民眾-享有-小家電-終身
379,-國-電子-表示-我們-在一起-社區-園遊會-現場-準備-氣炸-鍋-厚釜鍋-豆漿機-小-家電-製作-美食-供-鄉親-嚐鮮-現場-抽出-幸運-民眾-贈送-小-家電-終身-免費-金幣-貼紙-獲獎-民眾-享有
380,-國-電子-表示-我們-在一起-社區-園遊會-現場-準備-氣炸-鍋-厚釜鍋-豆漿機-小-家電-製作-美食-供-鄉親-嚐鮮-現場-抽出-幸運-民眾-贈送-小-家電-終身-免費-金幣-貼紙-獲獎-民眾-享有
381,-國-電子-表示-我們-在一起-社區-園遊會-現場-準備-氣炸-鍋-厚釜鍋-豆漿機-小-家電-製作-美食-供-鄉親-嚐鮮-現場-抽出-幸運-民眾-贈送-小-家電-終身-免費-金幣-貼紙-獲獎-民眾-享有
382,-我-有-買-好-用用-故障-我-打電話-反應-他們-我-自己-寄回去-我-寄-新竹-貨運-花-送回去-修-收到-修好-我-打電話-反應-他們-派-黑貓-收-修好-他們-派-黑貓-收-波折-修好-現在
383,-國-電子-表示-我們-在一起-社區-園遊會-現場-準備-氣炸-鍋-厚釜鍋-豆漿機-小-家電-製作-美食-供-鄉親-嚐鮮-現場-抽出-幸運-民眾-贈送-小-家電-終身-免費-金幣-貼紙-獲獎-民眾-享有
384,-當天-有-琉球-小-當家-美食-小琉球-特產-創意-方式-料理-開放-遊客-現場-上-粉絲-頁-提供-創意-食譜-獲選-創意-美食-得到-價值-氣炸-鍋
385,-當天-有-琉球-小-當家-美食-小琉球-特產-創意-方式-料理-開放-遊客-現場-上-粉絲-頁-提供-創意-食譜-獲選-創意-美食-得到-價值-氣炸-鍋
386,-我-是-不錯-用-我-家-微波爐-用-氣炸-鍋-是-液晶-顯示-微電腦-控制
387,-氣炸-鍋-不錯-用-當時-我-買-氣炸-鍋-時候-我-發現-他-是-液晶-微電腦-控制-時間-溫度-控制-像-是-飛利浦-用旋鈕-方式-微電腦-控制-現在-快-我-我
388,-健康-氣炸-鍋-做-甜點-達-人-陳妍希-老師-做-巧克力-布朗尼-蛋糕-可可-濃郁-蛋糕-香氣-好好-吃-幸福-喜歡-甜點-粉絲-試試
389,
390,-食譜-來源-健康-氣炸
391,-我-是-最近-包包-裡-多-小-零嘴-起-司餅-沖泡式-巧克力-奶茶-包-巧克力-最近-晚餐-氣炸-鍋炸-薯條-雞塊-吃
392,-民眾-油-氣炸-鍋-詢問度-大增-消基會-標檢局-抽查-氣炸-鍋-樣品-發現-有-重要-零組件-構造-比對-通過-標示-不符-合格率
393,-民眾-油-氣炸-鍋-詢問度-大增-消基會-標檢局-抽查-氣炸-鍋-樣品-發現-有-重要-零組件-構造-比對-通過-標示-不符-合格率
394,-民眾-油-氣炸-鍋-詢問度-大增-消基會-標檢局-抽查-氣炸-鍋-樣品-發現-有-重要-零組件-構造-比對-通過-標示-不符-合格率
395,-出事-看-新聞-講到-氣炸鍋-說-有-合格-氣炸鍋-網路-相信-人-買-飛利浦-氣炸鍋-我-相信-沒-問題-給-正確-觀念-新聞-報導-氣
396,-民眾-喜歡-買-號稱-用油-住香-酥脆-氣炸-鍋-消基會-今-日-公布-氣炸-鍋-發現-產品-有-重要-零組件-標示-檢查-不符-情況
397,-氣炸-鍋-合格-溫度-高-恐-燒熔釀-火災-魏妤庭-讓-膽固醇-小姐-找-上身-民眾-喜歡-買-號稱-用油-住香酥
398,-民眾-喜歡-買-號稱-用油-住香-酥脆-氣炸-鍋-消基會-今-日-公布-氣炸-鍋-發現-產品-有-重要-零組件-標示-檢查-不符-情況
399,-消基會-標準局-抽檢-氣炸-鍋-樣品-重要-零組件-構造-比對-標示-不符-是-網路-購得-樣品-合格率-標準局-指出-產地-中國-利亞-廠牌-樣品-申請-登錄
400,-民眾-油-氣炸-鍋-詢問度-大增-消基會-標檢局-抽查-氣炸-鍋-樣品-發現-有-重要-零組件-構造-比對-通過-標示-不符-合格率
401,-消基會-提醒-民眾-購買-氣炸-鍋-選擇-實體-店面-購買-請-點-高-功率-氣炸-鍋慎防
402,-消基會-標準局-抽檢-氣炸-鍋-樣品-重要-零組件-構造-比對-標示-不符-是-網路-購得-樣品-合格率-標準局-指出-產地-中國-利亞-廠牌-樣品-申請-登錄
403,-回-荷蘭-公主-氣炸-鍋
404,-標榜-無-油煙-鍋具-讓-民眾-輕鬆-消基會-今-日-指出-有-氣炸-鍋-重要-零件-比對-不符-規定-有-產生-電線-走火-問題-民眾-購買-加-留意-標準局-提醒-氣炸-鍋-屬於
405,-安全-民眾-乾脆-選擇-標榜-油-吃-出-口感-氣炸-鍋-消基會-標檢局-聯手-抽檢-氣炸-鍋-有-高達-合格-有-造成-電線-走火-放油
406,-標榜-健康-氣炸鍋-油品-風波-特別-好-賣-消基會-經濟部-標準局-抽查-氣炸鍋-有-標示-不符-漂亮-白色-氣炸鍋-標準局-登錄
407,-標榜-健康-氣炸鍋-油品-風波-特別-好-賣-消基會-經濟部-標準局-抽查-氣炸鍋-有-標示-不符-漂亮-白色-氣炸鍋-標準局-登錄
408,-氣炸-鍋-抽檢-合格-民-新聞-問題-油品-爆-安全-民眾-乾脆-選擇-標榜-油-吃-出-口感-氣炸-鍋
409,-合格-氣炸-鍋-網路-建議-大家-去-門市-購買-檢驗-有無-標章-使用-避免-插頭-這樣-卡-家-煮-怕怕-氣炸-鍋-合格
410,-標榜-油-做出-好吃-料理-氣炸-鍋-週年慶-賣-缺貨-消基會-抽檢-發現-網路-販售-氣炸-鍋-合格-有-叫-品牌-離譜-魚-目混
411,-最近-幾年-有-叫做-氣炸-鍋-小-家電-進駐-家庭-廚房-市面-上-產品-多-消基會-標檢局-最近-抽檢-結果-發現-有-產品-標示-不符-有-叫做
412,-乾脆-買-炸-東西-放-油-氣炸-鍋-取代-是-標-檢局-日前-抽檢-市面-上-氣炸-鍋-有-合格-大陸-製-廠牌-登記-功率-實際-不符-出-風
413,-安全-民眾-乾脆-選擇-標榜-油-吃-出-口感-氣炸-鍋-消基會-標檢局-聯手-抽檢-氣炸-鍋-有-高達-合格-有-造成-電線-走火-放
414,-氣炸-鍋-合格
415,-油-達到-油炸-美味-氣炸-鍋-銷量-大增-消基會-經濟部-標準-檢驗-局-抽驗-樣品-發現-有-網路-上-購買-氣炸-鍋-零組件-標示-有-不實-現象-有
416,-油-達到-油炸-美味-氣炸-鍋-銷量-大增-消基會-經濟部-標準-檢驗-局-抽驗-樣品-發現-有-網路-上-購買-氣炸-鍋-零組件-標示-有-不實-現象-有
417,-消基會-經濟部-標檢局-4日-公布-抽檢-氣炸-鍋-結果-抽驗-樣品-重要-零組件-構造-比對-標示-有-不符-情形-當中-發現-圖左-有-安全-疑慮-電源線-規格-額定-消耗-功率-規
418,-消基會-經濟部-標檢局-4日-公布-抽檢-氣炸-鍋-結果-抽驗-樣品-重要-零組件-構造-比對-標示-有-不符-情形-當中-發現-圖-有-安全-疑慮-電源線-規格-額定-消耗-功率-規格
419,-經濟部-標準-檢驗-局-財團-法人-中華民國-消費者-文教-基金會-公布-氣炸-鍋-商品-結果-中央社-訊息-服務-國內-講求-飲食-健康-風潮-盛行-強調-讓
420,-食安-問題-人人自危-標榜-油-氣炸-鍋-詢問度-變-高-經濟部-標準-檢驗-局-消基會-網路-電器-賣場-氣炸-鍋-進行-發現-購買-樣品-有-不符-規定
421,-油-達到-油炸-美味-氣炸-鍋-銷量-大增-消基會-經濟部-標準-檢驗-局-抽驗-樣品-發現-有-網路-上-購買-氣炸-鍋-零組件-標示-有-不實-現象-有
422,-油-達到-油炸-美味-氣炸-鍋-銷量-大增-消基會-經濟部-標準-檢驗-局-抽驗-樣品-發現-有-網路-上-購買-氣炸-鍋-零組件-標示-有-不實-現象-有
423,-油-達到-油炸-美味-氣炸-鍋-銷量-大增-消基會-經濟部-標準-檢驗-局-抽驗-樣品-發現-有-網路-上-購買-氣炸-鍋-零組件-標示-有-不實-現象-有
424,-消基會-經濟部-標檢局-今天-公布-抽檢-氣炸-鍋-結果-抽樣-樣品-整體-合格率-發現-有-安全-疑慮-電源線-規格-額定-消耗-功率-規格-不符-恐-引發-電線-走火-經濟部-標準-檢驗-局-中華-民
425,-油-安-危機-爆發-民眾-改選-油-氣炸-鍋-調理-食物-消基會-今-日-提醒-抽查-市面-氣炸-鍋-產品-有-是-問題-產品-民眾-購買-電子-產品-實體-店面-購買-注意-有
426,-消基會-經濟部-標檢局-4日-公布-抽檢-氣炸-鍋-結果-抽驗-樣品-重要-零組件-構造-比對-標示-有-不符-情形-當中-發現-圖左-有-安全-疑慮-電源線-規格-額定-消耗-功率-規
427,-消基會-經濟部-標檢局-4日-公布-抽檢-氣炸-鍋-結果-抽驗-樣品-重要-零組件-構造-比對-標示-有-不符-情形-當中-發現-圖-有-安全-疑慮-電源線-規格-額定-消耗-功率-規格
428,-電鍋-電子鍋-想要-擠-格-即可-煮飯-拉出來-格-放-常用-烤箱-微波爐-氣炸-鍋-用-門-上-掀-果汁機-咖啡機-用-拿出來
429,-油-達到-油炸-美味-氣炸-鍋-銷量-大增-消基會-經濟部-標準-檢驗-局-抽驗-樣品-發現-有-網路-上-購買-氣炸-鍋-零組件-標示-有-不實-現象-有
430,-油-達到-油炸-美味-氣炸-鍋-銷量-大增-消基會-經濟部-標準-檢驗-局-抽驗-樣品-發現-有-網路-上-購買-氣炸-鍋-零組件-標示-有-不實-現象-有
431,-容易-增加-心血管-疾病-癌症-發生-機率-健康-意識-高漲-風潮-標榜-少-油-保留-炸物香-酥-脆-口感-氣炸-鍋-成為-鍋具-市場-新-寵兒-消-保-團體-抽驗-氣炸-鍋-發現
432,-中央社-記者-黃巧雯-台北-電-消基會-經濟部-標檢局-今天-公布-抽檢-氣炸-鍋-結果-抽樣-樣品-整體-合格率-發現-有-安全-疑慮-電源線-規格-額定-消耗-功率-規格-不符-恐-引發-電線-走火
433,-檢出-氣炸-鍋-恐-高溫-燒熔-華人-健康網-記者-駱慧雯-台北-報導-高溫-多油-方式-容易-增加-心血管-疾病-癌症-發生-機率-健康-意識-高漲
434,-容易-增加-心血管-疾病-癌症-發生-機率-健康-意識-高漲-風潮-標榜-少-油-保留-炸物香-酥-脆-口感-氣炸-鍋-成為-鍋具-市場-新-寵兒-消-保-團體-抽驗-氣炸-鍋-發現
435,-容易-增加-心血管-疾病-癌症-發生-機率-健康-意識-高漲-風潮-標榜-少-油-保留-炸物香-酥-脆-口感-氣炸-鍋-成為-鍋具-市場-新-寵兒-消-保-團體-抽驗-氣炸-鍋-發現
436,-容易-增加-心血管-疾病-癌症-發生-機率-健康-意識-高漲-風潮-標榜-少-油-保留-炸物香-酥-脆-口感-氣炸-鍋-成為-鍋具-市場-新-寵兒-消-保-團體-抽驗-氣炸-鍋-發現
437,-消基會-經濟部-標檢局-今天-公布-抽檢-氣炸-鍋-結果-抽樣-樣品-整體-合格率-發現-有-安全-疑慮-電源線-規格-額定-消耗-功率-規格-不符-恐-引發-電線-走火-經濟部-標準-檢驗-局-中華-民
438,-消基會-經濟部-標檢局-今天-公布-抽檢-氣炸-鍋-結果-抽樣-樣品-整體-合格率-發現-有-安全-疑慮-電源線-規格-額定-消耗-功率-規格-不符-恐-引發-電線-走火-經濟部-標準-檢驗-局-中華民國-消費
439,-消基會-經濟部-標檢局-今天-公布-抽檢-氣炸-鍋-結果-抽樣-樣品-整體-合格率-發現-有-安全-疑慮-電源線-規格-額定-消耗-功率-規格-不符-恐-引發-電線-走火-經濟部-標準-檢驗-局-中華民國-消費
440,-氣炸-鍋-成為-人-添購-家電-選項-經濟部-標檢局-消基會-安全性-商品-標示-安全性-合格-線-上-購物-購得-合格-重
441,-消基會-經濟部-標檢局-今天-公布-抽檢-氣炸-鍋-結果-抽樣-樣品-整體-合格率-發現-有-安全-疑慮-電源線-規格-額定-消耗-功率-規格-不符-恐-引發-電線-走火-經濟部-標準-檢驗-局-中華-民
442,-中央社-記者-黃巧雯-台北-電-消基會-經濟部-標檢局-今天-公布-抽檢-氣炸-鍋-結果-抽樣-樣品-整體-合格率-發現-有-安全-疑慮-電源線-規格-額定-消耗-功率-規格-不符-恐-引發-電線-走火
443,-檯面-不鏽鋼-桶身-門板-塑-合板-吧檯-檯面-實-木-電器-人-份-圓型-電子鍋-人-份-大同-電鍋-寬-烤箱-寬-微波爐-氣炸-鍋-果汁機-咖啡
444,-消基會-經濟部-標檢局-今天-公布-抽檢-氣炸-鍋-結果-抽樣-樣品-整體-合格率-發現-有-安全-疑慮-電源線-規格-額定-消耗-功率-規格-不符-恐-引發-電線-走火-經濟部-標準-檢驗-局-中華-民
445,-中央社-記者-黃巧雯-台北-2013年-11月-4日-電-消基會-經濟部-標檢局-今天-公布-抽檢-氣炸-鍋-結果-抽樣-樣品-整體-合格率-發現-有-安全-疑慮-電源線-規格-額定-消耗-功率-規格-不符
446,-氣炸-鍋-成為-人-添購-家電-選項-經濟部-標檢局-消基會-安全性-商品-標示-安全性-合格-線-上-購物-購得-合格-重
447,
448,
449,-日子-學-香腸-家-美味-健康-香腸-絞肉-香-茅-南-薑-芫荽-蒜-詮釋-香氣-十足-健康-美味-天然氣-炸-鍋
450,-有-適合-小孩-吃-簡意-料理-聽聽
451,-大家-好-飛利浦-健康-氣炸-鍋-打-火紅-心動-價格-匪-請問-有-購入-媽咪-使用-心得-如何-有-心動-想-購入-媽咪-討論
452,-獎品-有-液晶-電視-氣炸-鍋-鐵三角-耳機-超商-禮券-好-禮-等-你-挑戰-題目-生活化-是-你-知道-權益-易-闖關-抽-大獎
453,-民眾-改選-油-氣炸-鍋-調理-食物-消基會-今-日-提醒-抽查-市面-氣炸-鍋-產品-有-是-問題-產品-民眾-購買-電子-產品-實體-店面-購買-注意-有-通過-標
454,-席捲-時尚-新-登場-材料-小-步-氣炸-布丁-失敗-代-飛利浦-人-份-健康-氣炸-鍋-皇家-尊爵-款-登場-含-氣炸-料理-食譜-適合
455,-標榜-油-氣炸-鍋-成為-熱門-小-家電-消基會-標檢局-抽檢-氣炸-鍋-安全性-合格-有-產生-燒熔-引發-火災-有-標示-不符-是-網路-上-販售
456,-肉餡-黑豆-桑-金-豆豉-蠔油-醬油-紹興酒-做法-青椒-苦瓜-洗淨-剖開-油豆腐-對半-切2-青椒-苦瓜-豆腐-填入-肉餡-放入-氣炸-鍋
457,-茶味-淡-可惜-薯條-是-招待-說-說-當做-招待-回饋-真實-建議-味道-鹹-炸-酥-有-忽略-重點-店-內-使用-氣炸-鍋
458,-巧-芳-同事-人人-有-勳-風氣-炸-鍋-榮獲-氣炸-達-人-獲-安安-有-工作-處理好-訂單-確認-資料-廠商-出貨-記得-標註-收件-時段-上午-下午-晚上
459,-旋風-烤箱-氣炸-鍋-庵-烤箱-烤-雞塊-皮-脆肉嫩無-用油-放-涼-乾-硬-許碧芬-快-行動-烤箱-預熱-高溫-雞塊-常溫-置於-烤箱-內-!!
460,-氣炸-鍋-上菜-嚐-新鮮-香菇-烤過-有-鮮甜-多汁-取下-蒂頭-切碎-拌入蒜蓉-香夷蔥-麵包粉-奶油-粉-鹽-黑-胡椒-調味-餡料-填入-香菇-氣炸-鍋-上
461,-想-丟-地上-丟-地上-想-攻擊-歹徒-攻擊-歹徒-個人-喜好-一樣-是-個人-喜歡-名牌-包-你-買-她-開心-買-值-高-東西-我-喜歡-做-菜-我-想-收到-調理機-氣炸-鍋
462,-英國-潮牌靚彩-活力-腕錶組-原價-特價-飛利浦-健康-無-油-氣炸-鍋-原價
463,-人-食譜-來源-健
464,-活動-期間-夢幻-逸品-限量-下殺-包括-國際牌-全自動-按摩椅-機皇-飛利浦-氣炸-鍋-吸塵器-機車
465,-去年-11日-進入-家-樂福-汐止店-她-撕下-商品-價格-標籤-改-貼-市價-氣炸-鍋-瞞騙-收銀員-詐得-商品-店-內-安全課-人員-發現-她-犯案-報警-抓-人-士林-地檢署-偵結-行使-偽造-準私
466,-去年-11日-進入-家-樂福-汐止店-她-撕下-商品-價格-標籤-改-貼-市價-氣炸-鍋-瞞騙-收銀員-詐得-商品-店-內-安全課-人員-發現-她-犯案-報警-抓-人-士林-地檢署-偵結-行使-偽造-準私
467,-熱銷-商品-晶工牌-不鏽鋼-烤箱-售價-商品-特色-四段-溫控-上下-火-選擇-同時-使用-雙旋鈕-設計-火-風-免油-健康-多功能-氣炸-鍋
468,-它們-家-薯條-是-氣炸-鍋-炸出-來-健康-小-高級-不錯-吃-蜂蜜-芥末-鮪魚-法國-麵包-沙拉-高級
469,-活動-獎品-豐富-包括-液晶-電視-氣炸-鍋-鐵三角-耳機-大獎-等-您-拿-上-全民-勞教-網-參加-銀河-奪寶大-冒險-輕鬆-學習-開心-抽-大獎-想-了解-詳細-活動-辦法-請-上-行政院-勞工-委員會
470,-活動-獎品-豐富-包括-液晶-電視-氣炸-鍋-鐵三角-耳機-大獎-等-您-拿-上-全民-勞教-網-參加-銀河-奪寶大-冒險-輕鬆-學習-開心-抽-大獎-想-了解-詳細-活動-辦法-請-上-行政院-勞工-委員會
471,-鍋-價錢-約-台幣-氣炸-鍋-便宜-佔據-流理台-空間-煮飯-苦-我-相信-咬緊牙關-煮餐-飯-有-好處-月-爆
472,-做法-土魠魚-切分-魚塊-帶-皮-魚皮-帶-點肉-魚骨-魚塊-清酒-鹽-醃-魚皮-清酒-腐乳-醃3-魚塊-魚皮-沾-番薯粉-魚骨-餐巾紙-擦乾-水分-放入-氣炸-鍋
473,-昨兒個-心血來潮-想-說-做-氣炸-烤馬鈴薯-時候-片-放-馬鈴薯-上-歡喜-打開-氣炸-鍋-登登登-悲劇-展開-驚-變成-巧克力-烤馬鈴薯
474,-愛-盈手-作-廚房-食譜-投-搞-最後-季-甘霞色-創意-料理-分享-季-醬油-燒烤-醬-油-膏-創意-料理-氣炸-鍋-等-您-拿-食譜-募
475,-讓-人-對看-到-原料-外食心-慌慌-試試-自己-家-使用-油-加-健康-氣炸-鍋-氣炸-全民-小吃-鹹酥雞-外-酥內嫩-四季豆-花椰菜-甜不辣-是-問題-少-油-健康-飛利浦-健康-氣
476,-食譜-投-搞-最後-季-甘霞色-創意-料理-分享-季-醬油-燒烤-醬-油膏-創意-料理-氣炸-鍋-等-您-拿-食譜-募集
477,-食譜-投-搞-最後-季-甘霞色-創意-料理-分享-季-醬油-燒烤-醬-油膏-創意-料理-氣炸-鍋
478,-活動-期間-夢幻-逸品-限量-下殺-國際牌-全自動-按摩椅-機皇-飛利浦-氣炸-鍋
479,-食譜-投-搞-最後-季-甘霞色-創意-料理-分享-季-醬油-燒烤-醬-油膏-創意-料理-氣炸-鍋-等-您
480,-食譜-投-搞-最後-季-甘霞色-創意-料理-分享-季-醬油-燒烤-醬-油膏-創-意-料理-氣炸-鍋-等-您-拿-食譜-募集
481,-活動-期間-夢幻-逸品-限量-下殺-國際牌-全自動-按摩椅-機皇-飛利浦-氣炸-鍋
482,-活動-期間-夢幻-逸品-限量-下殺-國際牌-全自動-按摩椅-機皇-飛利浦-氣炸-鍋
483,-單機-身-公司貨-原價-特價-限-開賣-限-樂天-市場-業者-提供-飛利浦-免油-健康-氣炸-鍋-原價-特價-限
484,-食譜-投-搞-最後-季-甘霞色-創意-料理-分享-季-醬油-燒-烤-醬-油膏-創意-料理-氣炸-鍋-等-您-拿
485,-小花-料理-誌-食譜-投-搞-最後-季-甘霞色-創意-料理-分享-季-醬油-燒烤-醬-油膏-創-意-料理-氣炸-鍋-等-您-拿-食譜-募集
486,-人妻-廚房-食譜-投-搞-最後-季-甘霞色-創意-料理-分享-季-醬油-燒烤-醬-油膏-創-意-料理-氣炸-鍋-等-您-拿-食譜-募集
487,-有-氣炸-鍋-是-利用-高溫-循環-氣流-烘烤-食物-煮熟-健康-鍋具-推陳出新-便宜-有-是-起跳-業績-是-開-紅盤-百貨-週年慶-成長-黑心油-風暴-讓-主打-加油-鍋
488,-食譜-前-投-搞-季-甘霞色-創意-料理-分享-季-醬油-燒烤-醬-油膏-創意-料理-氣炸-鍋-等-您-拿-食
489,-食譜-前-投-搞-季-甘霞色-創意-料理-分享-季-醬油-燒烤-醬-油膏-創意-料理-氣炸-鍋
490,-食譜-前-投-搞-季-甘霞色-創意-料理-分享-季-醬油-燒烤-醬-油膏-創意-料理-氣炸-鍋-等-您-拿-食
491,-食譜-前-投-搞-季-甘霞色-創意-料理-分享-四季醬-油-燒烤-醬-油膏-創意-料理-氣炸-鍋
492,-林吉兒-食譜-前-投-搞-季-甘霞色-創意-料理-分享-季-醬油-燒烤-醬-油膏-創意-料理-氣炸-鍋-等-您-拿-食譜-募集
493,-拉-鏡頭-食譜-前-投-搞-季-甘霞色-創意-料理-分享-季-醬油-燒烤-醬-油膏-創意-料理-氣炸-鍋-等-您-拿-食譜
494,-小花-料理-誌-食譜-前-投-搞-季-甘霞色-創意-料理-分享-季-醬油-燒烤-醬-油膏-創意-料理-氣炸-鍋-等-您-拿-食譜
495,-抽-三星-機皇-台灣-市場-明-日-推出-商品-特賣-包括-名牌-包-氣炸
496,-食譜-前-投-搞-季-甘霞色-創意-料理-分享-季-醬油-燒烤-醬-油-膏-創意-料理-氣炸-鍋-等-您-拿-食譜-募
497,-食譜-前-投-搞-季-甘霞色-創意-料理-分享-季-醬油-燒烤-醬-油膏-創意-料理-氣炸-鍋-等-您-拿-食
498,-開心-料理-食譜-前-投-搞-季-甘霞色-創意-料理-分享-季-醬油-燒烤-醬-油-膏-創意-料理-氣炸-鍋-等-您-拿-食譜-募
499,-食譜-前-投-搞-季-甘霞色-創意-料理-分享-四季醬-油-燒烤-醬-油膏-創意-料理-氣炸-鍋
