,飛利浦,氣炸,飛利浦,食譜
,容易,容易
,放入,氣炸,烤箱,烤,氣炸
,賣,炸,健康,安心
,賣,炸,健康,安心
,氣炸,慢磨,果汁機,擠進,上班族,禮品,上班族,意識,抬頭,健康,食品,小,家電,尾牙,夢幻,逸品
,氣炸,慢磨,果汁機,擠進,上班族,禮品,上班族,意識,抬頭,健康,食品,小,家電,尾牙,夢幻,逸品
,飛利浦,氣炸
,分享,獎品
,分享,氣炸
,氣炸
,找,找,氣炸,找,價格
,售價,電子,售價,選擇,歌林,健康,氣炸
,歌林,售價,簡單,歌林,健康,空氣,炸
,烤箱,大,氣炸
,白金,氣炸,送,食譜,準備
,白金,氣炸,送,食譜,準備
,飛利浦,家電,她,氣炸,電鍋,她,工作,她,她
,氣炸,炸,準備,自己,喜歡,吃,炸,吃
,時間,簡單,食譜,電鍋,微波爐,氣炸
,愛,家電,電視,洗衣機,高,家電,家電,麵包機,榨油機,氣炸,廚房,小,家電,家庭
,愛,家電,電視,洗衣機,高,家電,家電,麵包機,榨油機,氣炸,廚房,小,家電,家庭
,愛,家電,電視,洗衣機,高,家電,家電,麵包機,榨油機,氣炸,廚房,小,家電,家庭
,愛,家電,電視,洗衣機,高,家電,家電,麵包機,榨油機,氣炸,廚房,小,家電,家庭
,氣炸,吃
,炸,油煙,油煙,氣炸,健康
,炸,油煙,油煙,氣炸,健康
,分享,白金,分享,氣炸,炸
,分享,白金,分享,氣炸,炸
,吃,吃,氣炸
,食安,爆,家電,家電,成長,製,麵包機,成長,達,氣炸,製,麵包機
,愛,家電,電視,洗衣機,高,家電,家電,麵包機,榨油機,氣炸,廚房,小,家電,家庭
,烤箱,氣炸,烤,賣
,獎品,氣炸,禮券,活動
,活動,抽,氣炸,簡單
,風潮,值得,提,食安,慢,氣炸,製,麵包機,健康,小,家電,成長,擠進,爆
,風潮,值得,提,食安,慢,氣炸,製,麵包機,健康,小,家電,成長,擠進,爆
,風潮,值得,提,食安,慢,氣炸,製,麵包機,健康,小,家電,成長,擠進,爆
,值得,提,食安,慢,氣炸,製,麵包機,健康,小,家電,成長,擠進
,風潮,值得,提,食安,慢,氣炸,製,麵包機,健康,小,家電,成長,擠進,爆
,值得,提,食安,慢,氣炸,製,麵包機,健康,小,家電,成長,擠進
,購買,大,容量,風潮,食安,慢,氣炸
,大家,吃,自己,自己,爆
,拿,新,廚房,氣炸,烤,氣炸,大,烤,烤
,咖啡機,免油,料理,健康,大同,氣炸,減少,無,油,料理
,活動,抽,氣炸,簡單,小
,飛利浦,氣炸,價格,方式,方式,送
,飛利浦,氣炸
,健康,油切,空氣,炸,自己,健康,油切,空氣,炸
,自己,開心,多
,飛利浦,氣炸,國內,食品,爆,時間,廚房,幸運,時間,廚房,工作
,氣炸
,自己,自己,麵包,自己,賣,氣炸,賣,炸,薯條,廚房
,料理,小,家電,食安,引發,料理,風潮,延燒到,廚房,小,家電,持續,多功能,機,果汁機,豆漿機,氣炸
,醬油,醬油,放入,氣炸,氣炸

,好用,氣炸,多,大同,電鍋
,最近,飛利浦,免油,健康,氣炸,食物,氣炸,烤,小
,歌林,小,家電,生活,家電,吸塵器,氣炸,麵包機,歌林,消費者,家電
,氣炸,氣炸,吃,口感
,歌林,大,烤箱
,氣炸,美味,完成
,食物,小,氣炸,小
,氣炸,放,美味,吃
,氣炸,氣炸,油
,產品,氣炸,烤箱,多
,煮,氣炸,多,香料,炸,口感
,氣炸,氣炸,薯條,放,油
,氣炸,方便
,你,氣炸,電視
,免油,健康,氣炸,食物,料理,傳統
,空氣,炸,油炸,炸,薯條
,吃,自己,氣炸
,食品,標示,標示,放,抽檢,氣炸
,小,氣炸,小
,氣炸

,家電,飛利浦,推出,健康,氣炸,規格,白金,售價,皇家,售價,新,白金
,冰箱,洗衣機,吸塵器,微波爐,空氣,現場,大,家電,吸塵器,價格,飛利浦
,氣炸,你,吃

,食安,掀起,帶動,麵包機,氣炸,選擇,自己,炸,風潮
,國,電子,在一起,社區,園遊會,現場,準備,氣炸,豆漿機,小,家電,製作,美食,供,嚐鮮,現場,抽出,幸運,民眾,贈送,小,家電,終身,金幣,貼紙,獲獎,民眾,享有
,國,電子,在一起,社區,園遊會,現場,準備,氣炸,豆漿機,小,家電,製作,美食,供,嚐鮮,現場,抽出,幸運,民眾,贈送,小,家電,終身,金幣,貼紙,獲獎,民眾,享有
,國,電子,在一起,社區,園遊會,現場,準備,氣炸,豆漿機,小,家電,製作,美食,供,嚐鮮,現場,抽出,幸運,民眾,贈送,小,家電,終身,金幣,貼紙,獲獎,民眾,享有
,國,電子,在一起,社區,園遊會,現場,準備,氣炸,豆漿機,小,家電,製作,美食,供,嚐鮮,現場,抽出,幸運,民眾,贈送,小,家電,終身,金幣,貼紙,獲獎,民眾,享有
,國,電子,在一起,社區,園遊會,現場,準備,氣炸,豆漿機,小,家電,製作,美食,供,嚐鮮,現場,抽出,幸運,民眾,贈送,小,家電,終身,金幣,貼紙,獲獎,民眾,享有
,國,電子,在一起,社區,園遊會,現場,準備,氣炸,豆漿機,小,家電,製作,美食,供,嚐鮮,現場,抽出,幸運,民眾,贈送,小,家電,終身,金幣,貼紙,獲獎,民眾,享有
,香料,香料,放入,氣炸
,國,電子,在一起,社區,園遊會,現場,準備,氣炸,豆漿機,小家電,製作,美食,供,嚐鮮,現場,抽出,幸運,民眾,贈送,小家電,終身,金幣,貼紙,獲獎,民眾,享有,小家電
,國,電子,在一起,社區,園遊會,現場,準備,氣炸,豆漿機,小家電,製作,美食,供,嚐鮮,現場,抽出,幸運,民眾,贈送,小家電,終身,金幣,貼紙,獲獎,民眾,享有,小家電
,值得,提,食安,麵包機,氣炸,食品,小,家電,尾牙,夢幻,逸品,活動,尾牙,上班族
,值得,提,食安,麵包機,氣炸,食品,小,家電,尾牙,夢幻,逸品,活動,尾牙,上班族
,值得,提,食安,麵包機,氣炸,食品,小,家電,尾牙,夢幻,逸品,活動,尾牙,上班族
,吸塵器,烤,麵包機,送,氣炸,開心
,飛利浦,健康,氣炸,白金,少,油,飛利浦,健康,氣炸,白金

,飛利浦,健康,氣炸,白金,時尚,新,飛利浦,氣炸
,抽,飛利浦,氣炸,事件,消費者,食品,飛利浦,健康,氣炸
,尾牙
,近年,食安,氣炸,慢磨,果汁機,小,家電,擠進,上班族,禮品,健康,意識,抬頭,健康,食品,小,家電,尾牙,夢幻,逸品
,近年,食安,氣炸,慢磨,果汁機,小,家電,擠進,上班族,禮品,健康,意識,抬頭,健康,食品,小,家電,尾牙,夢幻,逸品
,近年,食安,氣炸,慢磨,果汁機,小,家電,擠進,上班族,禮品,健康,意識,抬頭,健康,食品,小,家電,尾牙,夢幻,逸品
,近年,食安,氣炸,慢磨,果汁機,小,家電,擠進,上班族,禮品,健康,意識,抬頭,健康,食品,小,家電,尾牙,夢幻,逸品

,大同,推出,氣炸,飛利浦,歌林,健康,小家電,帶動,小家電,業績,飛利浦,生活,食,帶動,小家電,業績,推出


,近年,食安,氣炸,慢磨,果汁機,小,家電,擠進,上班族,禮品,健康,意識,抬頭,健康,食品,小,家電
,分享,烤箱
,氣炸,麵包機
,近年,食安,氣炸,慢磨,果汁機,小,家電,擠進,上班族,禮品,健康,意識,抬頭,健康,食品,小,家電,尾牙,夢幻,逸品
,烤,身,油煙,氣炸,食安,議題,氣炸
,近年,食安,氣炸,慢磨,果汁機,小,家電,擠進,上班族,禮品,健康,意識,抬頭,健康,食品,小,家電,尾牙,夢幻,逸品
,油切,空氣,炸,售價,產品,油切,空氣,炸,健康,新,飛利浦,電子
,炸,方便,時間
,氣炸,吸塵器,電,飛利浦,免油,健康,氣炸,電
,飛利浦,新品,上市,飛利浦,氣炸
,購買,氣炸鍋,氣炸鍋,多,購買,大,氣炸鍋
,自己,飛利浦,免油,健康,氣炸,最近,找,飛利浦,免油,健康,氣炸

,氣炸,氣炸,氣炸,氣炸,食品,氣炸,炸,口感
,醬油,氣炸,加入,完成

,飛利浦,健康,氣炸,皇家,飛利浦,食安,風暴,自己,家電,議題,家庭,健康,廚房,家電,成長
,售價,多功能,機,方便,好用,飛利浦,健康,氣炸
,氣炸,最近,簡單,薯條,氣炸
,無,小,無,加入,氣炸
,香料,小,牛,香料,牛,小,放入,氣炸
,飛利浦,氣炸,麵包,麵包,陳秉文,口感,飛利浦,健康,氣炸
,家電,產品,氣炸,電
,氣炸,氣炸,標榜,油炸,美味,油,傳統,方式,少
,氣炸,油
,售價,相機,飛利浦,免油,健康,氣炸
,飛利浦,氣炸,吸塵器,飛利浦,免油,健康,氣炸
,家電,空氣,炸,食物,吸塵器
,時尚
,氣炸鍋,氣炸鍋,炸,吃,炸,氣炸鍋
,幸運,夢幻,逸品,飛利浦,免油,健康,氣炸,新,上市,自己,愛,嚐鮮
,國,電子,在一起,社區,園遊會,活動,社區,園遊會,準備,氣炸,豆漿機,小,家電,現場,製作,美食
,飛利浦,健康,氣炸,飛利浦,健康,氣炸
,飛利浦,氣炸,銷售量,推出,機,氣炸,容量,大,機
,飛利浦,氣炸,烤,自己,喜歡,你,飛利浦,健康,氣炸,新,上市
,公司,氣炸
,網路,多,飛利浦,產品,飛利浦,油,健康,氣炸
,氣炸
,達,電鍋,時間,健康,食,風暴,百貨公司,週年慶,電鍋,氣炸,多功能,鍋具,榨油機
,達,電鍋,時間,健康,食,風暴,百貨公司,週年慶,電鍋,氣炸,多功能,鍋具,榨油機
,飛利浦,氣炸,烤,簡單,氣炸,完成,飛利浦,健康,氣炸,新,上市,健康,五星級
,炸,薯條,氣炸
,大,烤箱,售價,產品,大,烤箱,歌林,健康,空氣,炸
,廚房,家電,氣炸,健康,飲食,風潮,飛利浦,推出,消費者,家電
,飛利浦,健康,氣炸
,氣炸,分享,圖片,圖片,圖片,圖片
,空氣,炸
,大,放入,氣炸
,多,加入,氣炸,烤箱
,廚房,品牌,冰箱,烤箱,咖啡機,氣炸
,尾牙,獎品,氣炸,記者,禮品,公司
,尾牙,獎品,氣炸,記者,禮品,公司
,尾牙,獎品,氣炸,記者,禮品,公司
,飛利浦,健康,氣炸,新,上市,黑心油,炸,薯條,麵包,烤箱,皇家,大,容量,健康,氣炸
,飛利浦,新,上市,進口,容量,飛利浦,大,容量,健康,氣炸
,氣炸,減少
,活動,氣炸
,風暴,大,方式,料理,食物,油,氣炸,食安,新,大
,喜歡,她,氣炸
,陳秉文,健康,氣炸,你,五星級,國,料理,中央社,陳秉文,口感,氣炸,食譜
,你,購買
,烤,食物,薯條
,氣炸,飛利浦
,飛利浦,廚房,小,家電,推出,活動,氣炸,全自動,製,麵包機,多功能,機,小,家電,小
,氣炸
,準備,活動,健康,氣炸
,廚房,電視,烤箱,電鍋,冰箱,洗衣機,氣炸,放,網路
,飛利浦,免油,健康,氣炸,放,無,食物
,免油,健康,氣炸,空氣,空氣,煮,食物,油炸,氣炸,購買,優惠
,新,飲食,飲食,飲食,民眾,新,氣炸,飲食,她,氣炸
,氣炸,找,價格
,飛利浦,氣炸,推出,食安,議題,熱門,飛利浦,推出,氣炸,研發,多樣,食譜,力,飽和,市場,飛利浦,生活
,飛利浦,氣炸,推出,食安,議題,熱門,飛利浦,推出,氣炸,研發,多樣,食譜,力,飽和,市場,飛利浦,生活
,飛利浦,氣炸,推出,食安,議題,熱門,飛利浦,推出,氣炸,研發,多樣,食譜,力,飽和,市場,飛利浦,生活
,飛利浦,氣炸,推出,食安,議題,熱門,飛利浦,推出,氣炸,研發,多樣,食譜,力,飽和,市場,飛利浦,生活
,近年,多,工作,家庭,選擇,氣炸,料理,傳統,料理,時間,健康,新,風潮,男,陳秉文,五星級,料理,食譜
,中央社,記者,台北,電,飛利浦,氣炸,推出,食安,議題,熱門,飛利浦,推出,氣炸,研發,多樣,食譜,力,飽和
,近年,多,工作,家庭,選擇,氣炸,料理,傳統,料理,時間,健康,新,風潮,男,陳秉文,五星級,料理,食譜
,飛利浦,氣炸,中央社,記者,台北,電,飛利浦,氣炸,推出
,近年,多,工作,家庭,選擇,氣炸,料理,傳統,料理,時間,健康,新,風潮,男,陳秉文,五星級,料理,食譜
,近年,多,工作,家庭,選擇,氣炸,料理,傳統,料理,時間,健康,新,風潮,男,陳秉文,五星級,料理,食譜
,近年,多,工作,家庭,選擇,氣炸,料理,傳統,料理,時間,健康,新,風潮,男,陳秉文,五星級,料理,食譜
,中央社,記者,台北,電,飛利浦,氣炸,推出,食安,議題,熱門,飛利浦,推出,氣炸,研發,多樣,食譜,力,飽和
,中央社,記者,台北,電,飛利浦,氣炸,推出,食安,議題,熱門,飛利浦,推出,氣炸,研發,多樣,食譜,力,飽和
,飛利浦,氣炸,推出,食安,議題,熱門,飛利浦,推出,氣炸,研發,多樣,食譜,力,飽和,市場,飛利浦,生活
,飛利浦,氣炸,推出,食安,議題,熱門,飛利浦,推出,氣炸,研發,多樣,食譜,力,飽和,市場,飛利浦,生活
,健康,氣炸,她,身,性感,男,陳秉文,食安,吃
,時間,男,陳秉文,現場,氣炸,新品,豆漿機
,小,家電,領導,品牌,飛利浦,引進,健康,氣炸,國內,話題,不斷,掀起,魅力,持續,延燒到,飛利浦,消費者,生活,推出,新品
,食,放入,氣炸,時間,簡單,飛利浦,健康,氣炸,魅力,男,陳秉文,五星級,料理
,氣炸
,性感,小,男,氣炸,料理,美食,美食,料理,鍋具,方便,簡單,吃,食物
,性感,小,男,氣炸,料理,美食,美食,料理,鍋具,方便,簡單,吃,食物
,喜歡,最近,氣炸,食品,炸,拿,拿,拿
,氣炸,吸塵器,電,飛利浦,免油,健康,氣炸,電
,放入,氣炸
,新,上市,進口,容量,飛利浦,大,容量,健康,氣炸,食譜,創意
,飛利浦,健康,氣炸,台北,新品,活動,食品,帶動,料理,小,家電,成長,氣炸,產品
,氣炸,產品,完成,產品,飛利浦,氣炸,產品,規格
,性感,小,男,氣炸,料理,美食,美食,料理,鍋具,方便,簡單,吃,食物
,氣炸,飛利浦,新品,液晶,整體,皇家,容量
,民眾,油,油,食物,氣炸,推出,氣炸,時間
,小,家電,領導,品牌,飛利浦,引進,健康,氣炸,國內,話題,不斷,掀起,魅力,持續,延燒到,飛利浦,消費者,生活,推出,新品,飛利浦,健康
,小,家電,領導,品牌,飛利浦,引進,健康,氣炸,國內,話題,不斷,掀起,魅力,持續,延燒到,飛利浦,消費者,生活,推出,新品,飛利浦,健康
,小,家電,領導,品牌,飛利浦,引進,健康,氣炸,國內,話題,不斷,掀起,魅力,持續,延燒到,飛利浦,消費者,生活,推出,新品,飛利浦,健康
,小,家電,領導,品牌,飛利浦,引進,健康,氣炸,國內,話題,不斷,掀起,魅力,持續,延燒到,飛利浦,消費者,生活,推出,新品,飛利浦,健康
,男,健康,氣炸,她,身,性感,男,陳秉文
,飛利浦,健康,氣炸,液晶,大,容量,新,小,家電,領導,品牌,飛利浦,引進,健康,氣炸,國內,話題,不斷,掀起
,料理,飛利浦,健康,氣炸,液晶,大,容量,新,飛利浦,健康,氣炸,方便
,小,家電,氣炸,飛利浦,標榜,美味,料理,業績,增加,品牌,推出,氣炸
,台北,身,健康,飛利浦,健康,氣炸,上市,自己,愛,氣炸
,小,家電,領導,品牌,飛利浦,引進,健康,氣炸,國內,話題,不斷,掀起,魅力,持續,延燒到,飛利浦,消費者,生活,推出,新品,飛利浦,健康
,小,家電,領導,品牌,飛利浦,引進,健康,氣炸,國內,話題,不斷,掀起,魅力,持續,延燒到,飛利浦,消費者,生活,推出,新品,飛利浦,健康
,身,性感,飛利浦,健康,氣炸,現場,她,男,陳秉文,完成,五星級,料理,飛利浦,健康,氣炸,魅力
,身,性感,飛利浦,健康,氣炸,現場,她,男,陳秉文,完成,五星級,料理,飛利浦,健康,氣炸,魅力
,身,性感,飛利浦,健康,氣炸,現場,她,男,陳秉文,完成,五星級,料理,飛利浦,健康,氣炸,魅力
,氣炸,電
,飛利浦,大,容量,健康,氣炸,新,上市,進口,容量,你,飛利浦,大,容量,健康,氣炸,找

,放入,機,放入,煮,放入,氣炸
,國,電子,社區,園遊會,活動,社區,園遊會,準備,氣炸,豆漿機,民眾,小,家電,現場,製作,美食,分享,嚐鮮
,放入,放入,煮,煮,氣炸
,近年,小,家電,咖啡機,果汁機,豆漿機,減少,氣炸,賣,翻天,爆發,黑心油,事件,遠,引進,製麵機,出爐,加入,蔬菜麵
,近年,小,家電,咖啡機,果汁機,豆漿機,減少,氣炸,賣,翻天,爆發,黑心油,事件,遠,引進,製麵機,出爐,加入,蔬菜麵
,近年,小,家電,咖啡機,果汁機,豆漿機,減少,氣炸,賣,翻天,爆發,黑心油,事件,遠,引進,製麵機,出爐,加入,蔬菜麵
,近年,小,家電,咖啡機,果汁機,豆漿機,減少,氣炸,賣,翻天,爆發,黑心油,事件,遠,引進,製麵機,出爐,加入,蔬菜麵
,近年,小,家電,咖啡機,果汁機,豆漿機,減少,氣炸,賣,翻天,爆發,黑心油,事件,遠,引進,製麵機,出爐,加入,蔬菜麵
,近年,小,家電,咖啡機,果汁機,豆漿機,減少,氣炸,賣,翻天,爆發,黑心油,事件,遠,引進,製麵機,出爐,加入,蔬菜麵
,近年,小,家電,咖啡機,果汁機,豆漿機,減少,氣炸,賣,翻天,爆發,黑心油,事件,遠,引進,製麵機,出爐,加入,蔬菜麵
,近年,小,家電,咖啡機,果汁機,豆漿機,減少,氣炸,賣,翻天,爆發,黑心油,事件,遠,引進,製麵機,出爐,加入,蔬菜麵
,近年,小,家電,咖啡機,果汁機,豆漿機,減少,氣炸,賣,翻天,爆發,黑心油,事件,遠,引進,製麵機,出爐,加入,蔬菜麵
,近年,小,家電,咖啡機,果汁機,豆漿機,減少,氣炸,賣,翻天,爆發,黑心油,事件,遠,引進,製麵機,出爐,加入,蔬菜麵
,近年,小,家電,咖啡機,果汁機,豆漿機,減少,氣炸,賣,翻天,爆發,黑心油,事件,遠,引進,製麵機,出爐,加入,蔬菜麵
,近年,小,家電,咖啡機,果汁機,豆漿機,減少,氣炸,賣,翻天,爆發,黑心油,事件,遠,引進,製麵機,出爐,加入,蔬菜麵
,近年,小,家電,咖啡機,果汁機,豆漿機,減少,氣炸,賣,翻天,爆發,黑心油,事件,遠,引進,製麵機,出爐,加入,蔬菜麵
,氣炸,咖啡機,品牌,她
,機,大同,氣炸,引進,歌林,找,送
,免油,健康,多功能,氣炸,標準,售價,送
,近年,小,家電,咖啡機,果汁機,豆漿機,減少,氣炸,賣,翻天,爆發,黑心油,事件,遠,引進,製麵機,出爐,加入,蔬菜麵
,氣炸,烤,煮,煮
,活動,加碼,獎品,冰箱,氣炸,行李箱,筆電,相機,小,摺,西堤,禮券,獎品,名額,大
,分享,飛利浦,氣炸,皇家,全自動,豆漿機
,新,政府,加碼,氣炸,加碼,政府,加碼
,獎品,名額,筆電,增加,加碼,獎品,冰箱,氣炸
,獎品,名額,筆電,增加,加碼,獎品,冰箱,氣炸,行李箱,筆電,相機
,獎品,名額,筆電,增加,加碼,獎品,冰箱,氣炸,行李箱,筆電,相機,小,摺,西堤
,氣炸,豆漿機,值得
,答案,獎品,加碼,筆電,西堤,氣炸
,答案,獎品,加碼,筆電,西堤,氣炸
,冰箱,氣炸,行李箱,筆電,相機,小,摺,禮券,活動,獎品,名額,大家
,答案,獎品,加碼,筆電,西堤,氣炸
,獎品,冰箱,氣炸,行李箱,筆電,相機,小,摺,西堤,禮券,獎品,名額,大家
,獎品,冰箱,氣炸,行李箱,筆電,相機,小,摺,西堤,禮券,獎品,名額,大家
,獎品,冰箱,氣炸,行李箱,筆電,相機,小,摺,西堤,禮券,獎品,名額,大家
,炸,方式,氣炸,吃,食譜
,冰箱,氣炸,行李箱,筆電,相機,小,摺,禮券,抽,答案
,冰箱,氣炸,行李箱,筆電,相機,小,摺,禮券,抽,答案
,分享,飛利浦,氣炸,皇家,全自動,豆漿機
,愛,麵包,進口
,冰箱,氣炸,行李箱,筆電,相機,小,摺,禮券,抽,答案
,冰箱,氣炸,行李箱,筆電,相機,小,摺,禮券,抽,答案
,冰箱,氣炸,行李箱,筆電,相機,小,摺,禮券,抽,答案
,冰箱,氣炸,行李箱,筆電,相機,小,摺,禮券,抽,答案
,品牌,圖片,網路,食安,風暴,家電,公司,時尚,製,麵包機,榨油機,氣炸
,品牌,圖片,網路,食安,風暴,家電,公司,時尚,製,麵包機,榨油機,氣炸
,品牌,圖片,網路,食安,風暴,家電,公司,時尚,製,麵包機,榨油機,氣炸
,品牌,圖片,網路,食安,風暴,家電,公司,時尚,製,麵包機,榨油機,氣炸
,大同,電鍋,烤,氣炸,吃,烤,大,烤箱,飛利浦
,冰箱,氣炸,行李箱,筆電,相機,小,摺,禮券,抽,答案
,品牌,圖片,網路,食安,風暴,家電,公司,時尚,製,麵包機,榨油機,氣炸
,氣炸,烤箱
,氣炸,烤箱,大
,新,政府,加碼,氣炸,加碼,政府,加碼
,免油,健康,氣炸,大,容量,食譜,少,油,料理,購買,加碼,送
,好用
,推出,活動,飛利浦,免油,氣炸
,新,政府,加碼,氣炸,加碼,政府,加碼
,民眾,飲食,減少,飲食,掀起,機,豆漿機,製麵機,氣炸,廚房,健康,小,家電,健康,小,家電
,國,電子,產品,銷售量,豆漿機,果汁機,氣炸,成長,麵包機,熱門,成長,麵包機,賣
,國,電子,產品,銷售量,豆漿機,果汁機,氣炸,成長,麵包機,熱門,成長,麵包機,賣
,業種,區分,名品,家電,成長,達,小,家電,麵包機,榨油機,氣炸,賣,最佳,台南,西門店,服飾,表現,成長,賣,辛苦,男裝,小,跌,女裝,童
,業種,區分,名品,家電,成長,達,小,家電,麵包機,榨油機,氣炸,賣,最佳,台南,西門店,服飾,表現,成長,賣,辛苦,男裝,小,跌,女裝,童
,業種,區分,名品,家電,成長,達,小,家電,麵包機,榨油機,氣炸,賣,最佳,台南,西門店,服飾,表現,成長,賣,辛苦,男裝,小,跌,女裝
,業種,區分,名品,家電,成長,達,小,家電,麵包機,榨油機,氣炸,賣,最佳,台南,西門店,服飾,表現,成長,賣,辛苦,男裝,小,跌,女裝,童
,業種,區分,名品,家電,成長,達,小,家電,麵包機,榨油機,氣炸,賣,最佳,台南,西門店,服飾,表現,成長,賣,辛苦,男裝,小,跌,女裝,童
,業種,區分,名品,家電,成長,達,小,家電,麵包機,榨油機,氣炸,賣,最佳,台南,西門店,服飾,表現,成長,賣,辛苦,男裝,小,跌,女裝,童
,業種,區分,名品,家電,成長,達,小,家電,麵包機,榨油機,氣炸,賣,最佳,台南,西門店,服飾,表現,成長,賣,辛苦,男裝,小,跌,女裝,童
,業種,區分,名品,家電,成長,達,小,家電,麵包機,榨油機,氣炸,賣,最佳,台南,西門店,服飾,表現,成長,賣,辛苦,男裝,小,跌,女裝,童
,業種,區分,名品,家電,成長,達,小,家電,麵包機,榨油機,氣炸,賣,最佳,台南,西門店,服飾,表現,成長,賣,辛苦,男裝,小,跌,女裝,童
,抽,豆漿機,氣炸,等,豆漿機,氣炸,等
,活動,豆漿機,氣炸
,活動,活動,液晶,電視,氣炸
,活動,活動,液晶,電視,氣炸
,氣炸,好用,薯條,方便,好用
,油煙,新,產品,氣炸,油煙,大,廚房,廚房,生活
,民眾,氣炸,高溫,容易,吃,高溫,食品,吃
,分享,飛利浦,氣炸,皇家,全自動,豆漿機
,民眾,氣炸,高溫,容易,吃,高溫,食品,吃
,飛利浦,健康,氣炸,送,小
,活動,活動,液晶,電視,氣炸
,台南,大,風暴,推出,進口,豆漿機,麵包機,氣炸,小,家電,業績,增加

,健康,多功能,氣炸
,健康,油切,氣炸,最近,食安,不斷,吃,安心,煮,愛,吃

,找,氣炸,料理,好用,大家,自己,賣,料理,簡單,好用,容易,容易
,氣炸,找,價格
,健康,氣炸,你,五星級,國,料理,陳秉文,煮,料理,五星級,氣炸
,網路,方便,找,氣炸
,送,送,送,送,高,大同,液晶,新,大同,電鍋,大同,氣炸
,送,送,送,送,高,大同,液晶,新,大同,電鍋,大同,氣炸
,氣炸,找
,氣炸,愛,吃,薯條,氣炸,無,薯條
,國,電子,在一起,社區,園遊會,現場,準備,氣炸,豆漿機,小,家電,製作,美食,供,嚐鮮,現場,抽出,幸運,民眾,贈送,小,家電,終身,金幣,貼紙,獲獎,民眾,享有,小
,國,電子,在一起,社區,園遊會,現場,準備,氣炸,豆漿機,小家電,製作,美食,供,嚐鮮,現場,抽出,幸運,民眾,贈送,小家電,終身,金幣,貼紙,獲獎,民眾,享有,小家電,終身
,國,電子,在一起,社區,園遊會,現場,準備,氣炸,豆漿機,小家電,製作,美食,供,嚐鮮,現場,抽出,幸運,民眾,贈送,小家電,終身,金幣,貼紙,獲獎,民眾,享有,小家電,終身
,國,電子,在一起,社區,園遊會,現場,準備,氣炸,豆漿機,小,家電,製作,美食,供,嚐鮮,現場,抽出,幸運,民眾,贈送,小,家電,終身,金幣,貼紙,獲獎,民眾,享有,小
,國,電子,在一起,社區,園遊會,現場,準備,氣炸,豆漿機,小,家電,製作,美食,供,嚐鮮,現場,抽出,幸運,民眾,贈送,小,家電,終身,金幣,貼紙,獲獎,民眾,享有,小
,國,電子,在一起,社區,園遊會,現場,準備,氣炸,豆漿機,小,家電,製作,美食,供,嚐鮮,現場,抽出,幸運,民眾,贈送,小,家電,終身,金幣,貼紙,獲獎,民眾,享有,小
,國,電子,在一起,社區,園遊會,現場,準備,氣炸,豆漿機,小,家電,製作,美食,供,嚐鮮,現場,抽出,幸運,民眾,贈送,小,家電,終身,金幣,貼紙,獲獎,民眾,享有,小
,你,氣炸,氣炸,抽檢
,時間,獎品,氣炸,活動,健康,食譜
,達,標準,歌林,油切,氣炸
,油,健康,氣炸,大,氣炸,美味,料理,無,油煙,健康,安心
,美味,氣炸,食譜,售價,慢,廚房,規格
,你,價格
,氣炸,油,健康,少,油,料理,方式,品牌,吃
,分享,飛利浦,氣炸,皇家,全自動,豆漿機
,電鍋,氣炸,慢
,抽,氣炸
,氣炸,業績,食,家電,麵包機,榨油機,免油,氣炸,售價
,氣炸,業績,食,家電,麵包機,榨油機,免油,氣炸,售價
,百貨公司,氣炸,食安,食安,事件,消費者,自己,帶動,鍋具,業績,進口
,氣炸,口感,健康,油,放入,放
,氣炸,炸
,飛利浦,氣炸,容量,大,飛利浦,氣炸,好用
,多功能,製麵機,價格,完成,豆漿機,價格,增加,飛利浦,氣炸
,家電,達,多,吃,油,健康,氣炸,選擇,飛利浦,氣炸,油,美味,空氣
,食品,安心,小,家電,氣炸,麵包機,鍋具,增加,食物,機
,麵包機,自己,麵包,健康,麵包機,食安,疑慮,週年慶,麵包機,賣,氣炸
,麵包機,自己,麵包,健康,麵包機,食安,疑慮,週年慶,麵包機,賣,氣炸
,麵包機,自己,麵包,健康,麵包機,食安,疑慮,週年慶,麵包機,賣,氣炸
,麵包機,自己,麵包,健康,麵包機,食安,疑慮,週年慶,麵包機,賣,氣炸
,氣炸,炸,吃,少,你
,氣炸,網路,健康,時間,烤,麵包機
,服飾,氣炸,推出
,歌林,油切,氣炸,空氣,廚房,家電,料理,氣炸
,氣炸,業績,食,家電,麵包機,榨油機,免油,氣炸,售價
,油切,健康,氣炸,價格,健康,美味,料理,料理,食譜
,氣炸,烤箱,電鍋,微波爐,料理,大家

,氣炸,吃,烤
,氣炸
,市場,推出,飛利浦,氣炸,帶動,業績
,健康,氣炸
,氣炸,傳統,方式
,拿,氣炸,吃,自己,炸
,氣炸鍋,抽檢,公布,最近,大家,事件,吃,黑心油,煮,氣炸鍋,料理,氣炸鍋,料理
,最近,大家,事件,吃,黑心油,煮,氣炸鍋,料理,氣炸鍋,料理,新,公布,氣炸鍋
,百貨公司,氣炸,食安,食安,事件,消費者,自己,帶動,鍋具,業績,進口
,百貨公司,氣炸,食安,食安,事件,消費者,自己,帶動,鍋具,業績,進口
,家電,飛利浦,健康,氣炸,行李箱
,喜歡,開心,創意,開心

,微波爐,氣炸,洗衣機,大同,電鍋
,喜歡,吃,炸,炸,氣炸,蔬菜,氣炸
,廚房,小
,好用,氣炸,炸,微波爐,方便,健康,價格
,氣炸,烤,氣炸,吃,食物,煮,烤,肉
,煮
,國,電子,在一起,社區,園遊會,現場,準備,氣炸,豆漿機,小家電,製作,美食,供,嚐鮮,現場,抽出,幸運,民眾,贈送,小家電,終身,金幣,貼紙,獲獎,民眾,享有,小家電,終身
,國,電子,在一起,社區,園遊會,現場,準備,氣炸,豆漿機,小,家電,製作,美食,供,嚐鮮,現場,抽出,幸運,民眾,贈送,小,家電,終身,金幣,貼紙,獲獎,民眾,享有
,國,電子,在一起,社區,園遊會,現場,準備,氣炸,豆漿機,小,家電,製作,美食,供,嚐鮮,現場,抽出,幸運,民眾,贈送,小,家電,終身,金幣,貼紙,獲獎,民眾,享有
,國,電子,在一起,社區,園遊會,現場,準備,氣炸,豆漿機,小,家電,製作,美食,供,嚐鮮,現場,抽出,幸運,民眾,贈送,小,家電,終身,金幣,貼紙,獲獎,民眾,享有
,自己
,國,電子,在一起,社區,園遊會,現場,準備,氣炸,豆漿機,小,家電,製作,美食,供,嚐鮮,現場,抽出,幸運,民眾,贈送,小,家電,終身,金幣,貼紙,獲獎,民眾,享有
,小,美食,創意,方式,料理,現場,創意,食譜,創意,美食,氣炸
,小,美食,創意,方式,料理,現場,創意,食譜,創意,美食,氣炸
,微波爐,氣炸,液晶
,氣炸,氣炸,液晶,時間,飛利浦,方式
,健康,氣炸,達,吃,喜歡

,食譜,健康,氣炸
,最近,多,小,最近,氣炸,薯條,吃
,民眾,油,氣炸,大增,氣炸,樣品,零組件,構造,比對,標示
,民眾,油,氣炸,大增,氣炸,樣品,零組件,構造,比對,標示
,民眾,油,氣炸,大增,氣炸,樣品,零組件,構造,比對,標示
,氣炸鍋,氣炸鍋,網路,飛利浦,氣炸鍋
,民眾,喜歡,氣炸,公布,氣炸,產品,零組件,標示,檢查
,氣炸,高,找,民眾,喜歡
,民眾,喜歡,氣炸,公布,氣炸,產品,零組件,標示,檢查
,抽檢,氣炸,樣品,零組件,構造,比對,標示,網路,樣品,樣品
,民眾,油,氣炸,大增,氣炸,樣品,零組件,構造,比對,標示
,民眾,購買,氣炸,選擇,購買,高,功率,氣炸
,抽檢,氣炸,樣品,零組件,構造,比對,標示,網路,樣品,樣品
,氣炸
,標榜,無,油煙,鍋具,民眾,氣炸,比對,電線,走火,民眾,購買,氣炸
,民眾,選擇,標榜,油,吃,口感,氣炸,抽檢,氣炸,電線,走火
,標榜,健康,氣炸鍋,賣,氣炸鍋,標示,氣炸鍋
,標榜,健康,氣炸鍋,賣,氣炸鍋,標示,氣炸鍋
,氣炸,抽檢,爆,民眾,選擇,標榜,油,吃,口感,氣炸
,氣炸,網路,大家,購買,煮,氣炸
,標榜,油,料理,氣炸,週年慶,賣,抽檢,網路,氣炸,品牌
,最近,氣炸,小,家電,家庭,廚房,產品,多,最近,抽檢,產品,標示
,炸,放,油,氣炸,抽檢,氣炸,製,功率
,民眾,選擇,標榜,油,吃,口感,氣炸,抽檢,氣炸,電線,走火,放
,氣炸
,油,油炸,美味,氣炸,大增,標準,抽驗,樣品,網路,購買,氣炸,零組件,標示
,油,油炸,美味,氣炸,大增,標準,抽驗,樣品,網路,購買,氣炸,零組件,標示
,公布,抽檢,氣炸,抽驗,樣品,零組件,構造,比對,標示,疑慮,規格,額定,消耗,功率
,公布,抽檢,氣炸,抽驗,樣品,零組件,構造,比對,標示,疑慮,規格,額定,消耗,功率,規格
,標準,消費者,公布,氣炸,中央社,國內,飲食,健康,風潮
,食安,標榜,油,氣炸,高,標準,網路,氣炸,購買,樣品
,油,油炸,美味,氣炸,大增,標準,抽驗,樣品,網路,購買,氣炸,零組件,標示
,油,油炸,美味,氣炸,大增,標準,抽驗,樣品,網路,購買,氣炸,零組件,標示
,油,油炸,美味,氣炸,大增,標準,抽驗,樣品,網路,購買,氣炸,零組件,標示
,公布,抽檢,氣炸,樣品,整體,疑慮,規格,額定,消耗,功率,規格,引發,電線,走火,標準
,油,爆發,民眾,油,氣炸,食物,氣炸,產品,產品,民眾,購買,電子,產品,購買
,公布,抽檢,氣炸,抽驗,樣品,零組件,構造,比對,標示,疑慮,規格,額定,消耗,功率
,公布,抽檢,氣炸,抽驗,樣品,零組件,構造,比對,標示,疑慮,規格,額定,消耗,功率,規格
,電鍋,放,烤箱,微波爐,氣炸,果汁機,咖啡機
,油,油炸,美味,氣炸,大增,標準,抽驗,樣品,網路,購買,氣炸,零組件,標示
,油,油炸,美味,氣炸,大增,標準,抽驗,樣品,網路,購買,氣炸,零組件,標示
,容易,增加,健康,意識,風潮,標榜,少,油,口感,氣炸,鍋具,市場,新,抽驗,氣炸
,中央社,記者,台北,電,公布,抽檢,氣炸,樣品,整體,疑慮,規格,額定,消耗,功率,規格,引發,電線,走火
,氣炸,高溫,記者,台北,高溫,方式,容易,增加,健康,意識
,容易,增加,健康,意識,風潮,標榜,少,油,口感,氣炸,鍋具,市場,新,抽驗,氣炸
,容易,增加,健康,意識,風潮,標榜,少,油,口感,氣炸,鍋具,市場,新,抽驗,氣炸
,容易,增加,健康,意識,風潮,標榜,少,油,口感,氣炸,鍋具,市場,新,抽驗,氣炸
,公布,抽檢,氣炸,樣品,整體,疑慮,規格,額定,消耗,功率,規格,引發,電線,走火,標準
,公布,抽檢,氣炸,樣品,整體,疑慮,規格,額定,消耗,功率,規格,引發,電線,走火,標準
,公布,抽檢,氣炸,樣品,整體,疑慮,規格,額定,消耗,功率,規格,引發,電線,走火,標準
,氣炸,家電,標示
,公布,抽檢,氣炸,樣品,整體,疑慮,規格,額定,消耗,功率,規格,引發,電線,走火,標準
,中央社,記者,台北,電,公布,抽檢,氣炸,樣品,整體,疑慮,規格,額定,消耗,功率,規格,引發,電線,走火
,大同,電鍋,烤箱,微波爐,氣炸,果汁機
,公布,抽檢,氣炸,樣品,整體,疑慮,規格,額定,消耗,功率,規格,引發,電線,走火,標準
,中央社,記者,台北,電,公布,抽檢,氣炸,樣品,整體,疑慮,規格,額定,消耗,功率,規格
,氣炸,家電,標示


,美味,健康,健康,美味,炸
,吃,料理
,大家,飛利浦,健康,氣炸,價格
,獎品,液晶,電視,氣炸,禮券,等,你,你,抽
,民眾,油,氣炸,食物,氣炸,產品,產品,民眾,購買,電子,產品,購買
,時尚,新,小,氣炸,飛利浦,健康,氣炸,皇家,氣炸,料理,食譜
,標榜,油,氣炸,熱門,小,家電,抽檢,氣炸,引發,標示,網路
,醬油,放入,氣炸
,薯條,炸,氣炸
,炸,氣炸,達,工作
,烤箱,氣炸,烤箱,烤,放,烤箱,高溫,烤箱
,氣炸,氣炸
,喜歡,你,她,開心,高,喜歡,氣炸
,飛利浦,健康,無,油,氣炸
,食譜
,活動,夢幻,逸品,全自動,飛利浦,氣炸,吸塵器
,她,價格,氣炸,她
,她,價格,氣炸,她
,烤箱,售價,選擇,免油,健康,多功能,氣炸
,薯條,氣炸,健康,小,吃,麵包
,活動,獎品,液晶,電視,氣炸,等,拿,開心,抽,活動
,活動,獎品,液晶,電視,氣炸,等,拿,開心,抽,活動
,氣炸,爆
,放入,氣炸
,氣炸,放,氣炸
,愛,廚房,食譜,投,搞,季,甘霞色,創意,料理,分享,季,醬油,醬,油,創意,料理,氣炸,等,拿,食譜
,自己,油,健康,氣炸,氣炸,少,油,健康,飛利浦,健康
,食譜,投,搞,季,甘霞色,創意,料理,分享,季,醬油,醬,創意,料理,氣炸,等,拿,食譜
,食譜,投,搞,季,甘霞色,創意,料理,分享,季,醬油,醬,創意,料理,氣炸
,活動,夢幻,逸品,全自動,飛利浦,氣炸
,食譜,投,搞,季,甘霞色,創意,料理,分享,季,醬油,醬,創意,料理,氣炸,等
,食譜,投,搞,季,甘霞色,創意,料理,分享,季,醬油,醬,料理,氣炸,等,拿,食譜
,活動,夢幻,逸品,全自動,飛利浦,氣炸
,活動,夢幻,逸品,全自動,飛利浦,氣炸
,身,市場,飛利浦,免油,健康,氣炸
,食譜,投,搞,季,甘霞色,創意,料理,分享,季,醬油,烤,醬,創意,料理,氣炸,等,拿
,料理,食譜,投,搞,季,甘霞色,創意,料理,分享,季,醬油,醬,料理,氣炸,等,拿,食譜
,廚房,食譜,投,搞,季,甘霞色,創意,料理,分享,季,醬油,醬,料理,氣炸,等,拿,食譜
,氣炸,高溫,食物,健康,鍋具,業績,週年慶,成長,黑心油,風暴
,食譜,投,搞,季,甘霞色,創意,料理,分享,季,醬油,醬,創意,料理,氣炸,等,拿,食
,食譜,投,搞,季,甘霞色,創意,料理,分享,季,醬油,醬,創意,料理,氣炸
,食譜,投,搞,季,甘霞色,創意,料理,分享,季,醬油,醬,創意,料理,氣炸,等,拿,食
,食譜,投,搞,季,甘霞色,創意,料理,分享,油,醬,創意,料理,氣炸
,食譜,投,搞,季,甘霞色,創意,料理,分享,季,醬油,醬,創意,料理,氣炸,等,拿,食譜
,食譜,投,搞,季,甘霞色,創意,料理,分享,季,醬油,醬,創意,料理,氣炸,等,拿,食譜
,料理,食譜,投,搞,季,甘霞色,創意,料理,分享,季,醬油,醬,創意,料理,氣炸,等,拿,食譜
,抽,市場,推出,氣炸
,食譜,投,搞,季,甘霞色,創意,料理,分享,季,醬油,醬,油,創意,料理,氣炸,等,拿,食譜
,食譜,投,搞,季,甘霞色,創意,料理,分享,季,醬油,醬,創意,料理,氣炸,等,拿,食
,開心,料理,食譜,投,搞,季,甘霞色,創意,料理,分享,季,醬油,醬,油,創意,料理,氣炸,等,拿,食譜
,食譜,投,搞,季,甘霞色,創意,料理,分享,油,醬,創意,料理,氣炸
